CaseMasterID,CrimeNo,CaseNo,CrimeRegisteredDate,PolicePersonID,PoliceStationID,CaseCategoryID,GravityOffenceID,CrimeMajorHeadID,CrimeMinorHeadID,CaseStatusID,CourtID,IncidentFromDate,IncidentToDate,InfoReceivedPSDate,Latitude,Longitude,BriefFacts
1,FIR202600001,CASE202600001,2024-08-10,454,78,1,1,10,29,1,22,2024-08-10 05:21:12,2024-08-10 06:26:12,2024-08-10 06:58:12,15.921561,75.646712,
2,FIR202600002,CASE202600002,2025-02-06,438,172,2,2,12,36,5,50,2025-02-06 08:33:15,2025-02-06 15:47:15,2025-02-06 16:49:15,18.171835,78.269224,
3,FIR202600003,CASE202600003,2024-12-31,380,122,2,2,12,35,3,36,2024-12-31 00:31:56,2024-12-31 05:40:56,2024-12-31 06:12:56,15.004819,74.441718,
4,FIR202600004,CASE202600004,2026-01-05,57,14,3,2,14,41,5,7,2026-01-04 19:35:10,2026-01-05 01:26:10,2026-01-05 01:36:10,11.710515,74.497,
5,FIR202600005,CASE202600005,2025-11-23,240,95,4,1,2,6,3,27,2025-11-22 18:02:31,2025-11-23 05:41:31,2025-11-23 07:39:31,18.4142,76.980182,
6,FIR202600006,CASE202600006,2026-04-27,316,132,1,2,11,31,3,38,2026-04-27 00:01:13,2026-04-27 02:55:13,2026-04-27 03:29:13,15.920608,77.6343,
7,FIR202600007,CASE202600007,2024-09-24,426,87,3,2,3,8,3,23,2024-09-23 20:11:02,2024-09-24 00:53:02,2024-09-24 01:32:02,13.376384,78.294135,
8,FIR202600008,CASE202600008,2025-05-23,233,90,2,2,9,27,2,25,2025-05-23 04:32:56,2025-05-23 08:01:56,2025-05-23 08:54:56,12.765578,77.375041,
9,FIR202600009,CASE202600009,2024-08-13,201,77,2,2,11,32,1,21,2024-08-13 16:07:07,2024-08-13 20:59:07,2024-08-13 21:08:07,18.369887,77.941459,
10,FIR202600010,CASE202600010,2024-12-28,123,118,3,2,4,12,4,34,2024-12-27 17:27:44,2024-12-28 01:23:44,2024-12-28 02:50:44,14.473992,76.676455,
11,FIR202600011,CASE202600011,2025-07-22,176,3,3,2,12,36,4,1,2025-07-22 07:14:25,2025-07-22 17:39:25,2025-07-22 18:30:25,15.969047,74.113851,
12,FIR202600012,CASE202600012,2024-08-11,439,114,4,1,2,4,1,33,2024-08-11 07:43:36,2024-08-11 11:23:36,2024-08-11 11:48:36,12.490679,77.439156,
13,FIR202600013,CASE202600013,2024-12-13,313,169,4,1,10,29,5,50,2024-12-13 11:05:04,2024-12-13 16:40:04,2024-12-13 18:35:04,18.218091,78.185949,
14,FIR202600014,CASE202600014,2025-11-03,99,13,3,1,13,39,3,6,2025-11-03 10:22:09,2025-11-03 12:40:09,2025-11-03 13:40:09,11.716088,74.443388,
15,FIR202600015,CASE202600015,2025-08-20,138,79,3,2,9,25,5,22,2025-08-19 19:44:45,2025-08-19 22:39:45,2025-08-20 00:04:45,15.950609,75.659114,
16,FIR202600016,CASE202600016,2024-12-29,297,23,2,2,3,8,2,8,2024-12-29 00:37:58,2024-12-29 10:26:58,2024-12-29 11:38:58,15.404366,77.330858,
17,FIR202600017,CASE202600017,2025-09-21,251,147,1,2,15,44,3,43,2025-09-20 18:10:43,2025-09-20 22:13:43,2025-09-20 22:48:43,16.753036,77.515859,
18,FIR202600018,CASE202600018,2026-02-26,304,145,4,2,14,40,5,42,2026-02-26 09:09:44,2026-02-26 12:17:44,2026-02-26 13:46:44,17.560041,73.99443,
19,FIR202600019,CASE202600019,2024-07-28,453,45,4,2,4,12,2,14,2024-07-27 21:15:10,2024-07-28 09:34:10,2024-07-28 10:30:10,15.608945,77.735466,
20,FIR202600020,CASE202600020,2026-02-23,322,177,4,1,2,4,2,51,2026-02-23 18:43:08,2026-02-23 21:04:08,2026-02-23 21:11:08,11.651645,78.300677,
21,FIR202600021,CASE202600021,2025-12-08,472,139,1,1,2,6,1,41,2025-12-08 04:46:14,2025-12-08 08:50:14,2025-12-08 10:50:14,14.160861,78.571263,
22,FIR202600022,CASE202600022,2025-03-25,75,24,2,1,5,15,4,8,2025-03-25 08:19:41,2025-03-25 12:53:41,2025-03-25 13:14:41,15.441998,77.257414,
23,FIR202600023,CASE202600023,2024-11-12,151,123,4,1,13,38,2,36,2024-11-12 05:21:22,2024-11-12 07:27:22,2024-11-12 08:56:22,15.062855,74.446069,
24,FIR202600024,CASE202600024,2026-06-13,190,153,1,2,11,33,1,45,2026-06-12 20:32:54,2026-06-12 21:57:54,2026-06-12 23:35:54,12.596715,73.961883,
25,FIR202600025,CASE202600025,2025-03-22,383,152,2,2,4,12,4,45,2025-03-22 17:06:38,2025-03-22 20:33:38,2025-03-22 21:01:38,12.565089,74.066069,
26,FIR202600026,CASE202600026,2024-09-28,396,146,1,1,8,24,1,43,2024-09-28 00:35:45,2024-09-28 02:16:45,2024-09-28 03:30:45,16.807229,77.540622,
27,FIR202600027,CASE202600027,2024-10-01,35,59,2,2,3,8,4,17,2024-09-30 21:15:09,2024-10-01 05:28:09,2024-10-01 07:23:09,13.362878,74.195166,
28,FIR202600028,CASE202600028,2026-03-26,138,79,1,1,7,20,4,22,2026-03-25 19:20:42,2026-03-26 00:47:42,2026-03-26 02:21:42,15.939821,75.657854,
29,FIR202600029,CASE202600029,2025-10-01,225,140,2,1,5,13,1,41,2025-10-01 04:13:12,2025-10-01 15:00:12,2025-10-01 16:14:12,14.189771,78.593815,
30,FIR202600030,CASE202600030,2026-02-24,272,97,4,2,9,27,2,28,2026-02-24 17:21:14,2026-02-24 18:53:14,2026-02-24 19:08:14,17.385003,77.553349,
31,FIR202600031,CASE202600031,2025-12-31,11,159,2,1,7,19,5,46,2025-12-30 23:03:04,2025-12-31 03:40:04,2025-12-31 05:01:04,12.633604,74.012168,
32,FIR202600032,CASE202600032,2025-08-14,192,127,3,2,15,44,2,38,2025-08-13 13:04:41,2025-08-14 00:49:41,2025-08-14 01:34:41,15.849241,77.657119,
33,FIR202600033,CASE202600033,2026-06-24,292,169,3,1,8,23,1,50,2026-06-24 07:31:48,2026-06-24 09:00:48,2026-06-24 10:24:48,18.23704,78.183472,
34,FIR202600034,CASE202600034,2025-04-22,255,143,2,2,9,26,2,42,2025-04-21 22:18:51,2025-04-22 05:14:51,2025-04-22 05:27:51,17.545473,74.028655,
35,FIR202600035,CASE202600035,2025-08-25,499,33,3,1,10,30,5,10,2025-08-24 22:30:03,2025-08-25 00:12:03,2025-08-25 02:01:03,15.616924,77.72387,
36,FIR202600036,CASE202600036,2026-03-13,63,45,2,1,5,13,1,14,2026-03-12 18:32:48,2026-03-13 07:07:48,2026-03-13 07:31:48,15.586857,77.721818,
37,FIR202600037,CASE202600037,2025-10-12,381,119,3,2,4,12,3,34,2025-10-11 20:01:34,2025-10-12 05:32:34,2025-10-12 06:09:34,14.488362,76.686431,
38,FIR202600038,CASE202600038,2026-04-05,32,112,3,2,1,1,3,33,2026-04-05 01:06:05,2026-04-05 04:46:05,2026-04-05 05:24:05,12.528917,77.401311,
39,FIR202600039,CASE202600039,2025-09-12,289,55,4,2,9,25,1,16,2025-09-12 04:10:32,2025-09-12 07:06:32,2025-09-12 08:39:32,12.220283,75.764296,
40,FIR202600040,CASE202600040,2025-12-13,210,54,2,1,7,19,1,16,2025-12-12 19:59:50,2025-12-13 01:22:50,2025-12-13 03:22:50,12.269342,75.725495,
41,FIR202600041,CASE202600041,2024-08-25,455,18,2,2,11,31,3,7,2024-08-25 05:15:09,2024-08-25 15:11:09,2024-08-25 17:07:09,11.725916,74.434909,
42,FIR202600042,CASE202600042,2025-01-03,233,90,2,2,14,40,2,25,2025-01-03 09:35:13,2025-01-03 16:36:13,2025-01-03 17:03:13,12.75315,77.361344,
43,FIR202600043,CASE202600043,2025-02-17,325,84,2,1,5,13,1,23,2025-02-16 16:50:13,2025-02-17 00:45:13,2025-02-17 00:54:13,13.363306,78.321551,
44,FIR202600044,CASE202600044,2024-09-18,176,3,4,2,6,17,2,1,2024-09-18 16:36:14,2024-09-18 20:37:14,2024-09-18 22:06:14,15.933115,74.122267,
45,FIR202600045,CASE202600045,2025-01-07,488,162,1,1,13,38,3,48,2025-01-06 22:11:15,2025-01-07 09:43:15,2025-01-07 10:39:15,15.051365,74.49197,
46,FIR202600046,CASE202600046,2024-10-04,468,133,1,1,2,5,2,38,2024-10-03 23:20:51,2024-10-04 09:36:51,2024-10-04 09:45:51,15.917298,77.606668,
47,FIR202600047,CASE202600047,2025-02-08,414,110,3,1,7,21,5,32,2025-02-08 11:27:56,2025-02-08 13:51:56,2025-02-08 15:51:56,12.99431,76.288852,
48,FIR202600048,CASE202600048,2025-10-24,81,47,4,2,1,3,5,12,2025-10-24 04:49:47,2025-10-24 16:35:47,2025-10-24 18:14:47,15.628726,77.68275,
49,FIR202600049,CASE202600049,2025-04-12,342,56,3,1,10,29,1,16,2025-04-12 01:22:56,2025-04-12 14:19:56,2025-04-12 15:02:56,12.221825,75.734968,
50,FIR202600050,CASE202600050,2025-04-16,443,34,4,2,12,35,5,14,2025-04-15 21:52:15,2025-04-16 01:04:15,2025-04-16 02:02:15,15.685031,77.734678,
51,FIR202600051,CASE202600051,2024-12-21,400,70,2,1,10,30,3,21,2024-12-21 03:34:28,2024-12-21 11:09:28,2024-12-21 13:00:28,18.400303,77.949347,
52,FIR202600052,CASE202600052,2025-02-01,196,167,3,1,8,23,4,49,2025-01-31 13:19:54,2025-02-01 00:32:54,2025-02-01 01:42:54,15.069583,74.93471,
53,FIR202600053,CASE202600053,2026-05-29,264,140,2,2,11,31,3,41,2026-05-29 01:03:39,2026-05-29 10:45:39,2026-05-29 12:11:39,14.165003,78.63949,
54,FIR202600054,CASE202600054,2025-11-02,127,115,2,2,11,32,2,33,2025-11-02 02:23:46,2025-11-02 06:32:46,2025-11-02 06:40:46,12.499485,77.449824,
55,FIR202600055,CASE202600055,2025-10-05,442,45,1,1,8,23,5,9,2025-10-05 01:40:49,2025-10-05 06:25:49,2025-10-05 07:59:49,15.599615,77.723819,
56,FIR202600056,CASE202600056,2024-11-23,484,168,1,2,15,43,4,49,2024-11-23 12:07:36,2024-11-23 16:18:36,2024-11-23 18:05:36,15.066401,74.917657,
57,FIR202600057,CASE202600057,2025-12-31,218,82,1,1,8,22,4,24,2025-12-30 12:35:24,2025-12-31 00:08:24,2025-12-31 01:24:24,13.330521,78.319264,
58,FIR202600058,CASE202600058,2024-11-18,285,106,4,1,10,30,5,31,2024-11-17 22:21:24,2024-11-18 06:14:24,2024-11-18 07:29:24,14.335139,74.356806,
59,FIR202600059,CASE202600059,2025-04-23,468,133,4,1,8,23,2,38,2025-04-22 14:14:26,2025-04-23 01:31:26,2025-04-23 03:14:26,15.91058,77.600282,
60,FIR202600060,CASE202600060,2026-07-06,27,6,4,1,2,6,3,2,2026-07-06 03:14:32,2026-07-06 07:31:32,2026-07-06 08:18:32,16.685706,77.098436,
61,FIR202600061,CASE202600061,2025-10-27,337,26,2,2,4,11,2,8,2025-10-27 07:26:53,2025-10-27 19:39:53,2025-10-27 19:52:53,15.427351,77.263704,
62,FIR202600062,CASE202600062,2025-08-28,121,128,4,2,1,1,4,40,2025-08-28 11:23:13,2025-08-28 19:20:13,2025-08-28 21:03:13,15.903235,77.614147,
63,FIR202600063,CASE202600063,2025-11-28,89,176,4,1,8,22,3,51,2025-11-28 10:54:01,2025-11-28 16:42:01,2025-11-28 17:36:01,11.654772,78.316155,
64,FIR202600064,CASE202600064,2026-03-22,332,36,2,1,8,22,3,11,2026-03-22 11:04:13,2026-03-22 18:35:13,2026-03-22 18:43:13,15.597128,77.757329,
65,FIR202600065,CASE202600065,2026-02-02,10,123,4,2,12,34,4,36,2026-02-02 07:05:50,2026-02-02 10:44:50,2026-02-02 11:57:50,15.096013,74.456917,
66,FIR202600066,CASE202600066,2025-01-04,386,166,1,1,2,6,4,49,2025-01-04 05:28:07,2025-01-04 09:23:07,2025-01-04 10:27:07,15.063779,74.872603,
67,FIR202600067,CASE202600067,2024-08-15,397,157,2,1,8,23,3,46,2024-08-15 07:56:29,2024-08-15 15:13:29,2024-08-15 16:54:29,12.571275,73.975744,
68,FIR202600068,CASE202600068,2025-03-07,466,94,1,2,12,36,1,27,2025-03-07 11:32:31,2025-03-07 17:46:31,2025-03-07 19:14:31,18.443275,76.985436,
69,FIR202600069,CASE202600069,2025-02-01,468,133,1,2,4,10,1,37,2025-02-01 02:31:34,2025-02-01 12:40:34,2025-02-01 13:15:34,15.909918,77.59279,
70,FIR202600070,CASE202600070,2024-12-22,331,152,2,1,8,24,3,46,2024-12-22 05:05:36,2024-12-22 11:15:36,2024-12-22 12:37:36,12.595155,74.056701,
71,FIR202600071,CASE202600071,2026-06-02,309,29,2,1,5,13,5,9,2026-06-02 13:13:17,2026-06-02 15:12:17,2026-06-02 15:56:17,15.662072,77.75074,
72,FIR202600072,CASE202600072,2026-04-16,283,52,4,2,12,34,1,15,2026-04-15 14:36:28,2026-04-16 01:20:28,2026-04-16 03:11:28,16.334509,75.577167,
73,FIR202600073,CASE202600073,2025-03-07,331,152,3,2,14,42,5,45,2025-03-06 22:08:17,2025-03-07 00:58:17,2025-03-07 02:15:17,12.558163,74.039303,
74,FIR202600074,CASE202600074,2025-11-07,315,72,3,1,2,6,3,20,2025-11-07 10:24:36,2025-11-07 12:18:36,2025-11-07 13:16:36,18.356352,77.952096,
75,FIR202600075,CASE202600075,2025-05-04,224,100,4,2,12,34,4,28,2025-05-04 05:57:22,2025-05-04 09:43:22,2025-05-04 10:54:22,17.396428,77.620364,
76,FIR202600076,CASE202600076,2026-05-13,130,174,4,1,8,23,5,51,2026-05-13 02:47:50,2026-05-13 08:07:50,2026-05-13 10:01:50,11.658626,78.245351,
77,FIR202600077,CASE202600077,2025-06-19,360,65,4,2,4,11,5,18,2025-06-18 19:07:31,2025-06-19 05:49:31,2025-06-19 06:42:31,11.988797,75.38017,
78,FIR202600078,CASE202600078,2025-01-30,348,125,2,1,8,22,3,38,2025-01-30 01:03:36,2025-01-30 06:24:36,2025-01-30 07:04:36,15.930101,77.662892,
79,FIR202600079,CASE202600079,2025-01-17,221,29,1,2,9,25,1,14,2025-01-16 21:26:38,2025-01-17 02:12:38,2025-01-17 03:09:38,15.654742,77.707669,
80,FIR202600080,CASE202600080,2025-09-01,461,148,4,2,11,33,4,44,2025-08-31 15:47:15,2025-09-01 00:37:15,2025-09-01 00:44:15,16.709288,77.551031,
81,FIR202600081,CASE202600081,2025-01-28,213,74,2,1,5,15,5,21,2025-01-28 12:04:52,2025-01-28 18:34:52,2025-01-28 19:49:52,18.39245,77.987662,
82,FIR202600082,CASE202600082,2025-09-17,307,63,3,2,6,18,4,18,2025-09-17 09:15:35,2025-09-17 14:34:35,2025-09-17 15:11:35,12.046337,75.350927,
83,FIR202600083,CASE202600083,2026-05-01,32,112,1,2,12,36,2,33,2026-05-01 01:36:06,2026-05-01 05:49:06,2026-05-01 07:28:06,12.501033,77.403585,
84,FIR202600084,CASE202600084,2025-05-07,399,18,3,1,2,4,3,5,2025-05-06 23:07:16,2025-05-07 03:30:16,2025-05-07 03:57:16,11.668335,74.421988,
85,FIR202600085,CASE202600085,2024-12-28,495,66,3,2,1,1,5,19,2024-12-28 05:16:07,2024-12-28 11:00:07,2024-12-28 11:21:07,15.597247,77.280277,
86,FIR202600086,CASE202600086,2026-07-12,478,85,1,1,10,29,4,23,2026-07-11 21:49:15,2026-07-12 06:17:15,2026-07-12 07:05:15,13.376783,78.321384,
87,FIR202600087,CASE202600087,2025-07-25,137,63,4,1,2,4,4,18,2025-07-25 07:21:48,2025-07-25 15:25:48,2025-07-25 16:43:48,12.080285,75.348476,
88,FIR202600088,CASE202600088,2024-09-27,227,98,3,1,2,4,1,28,2024-09-26 16:50:28,2024-09-27 02:38:28,2024-09-27 03:36:28,17.419952,77.594379,
89,FIR202600089,CASE202600089,2024-08-26,309,29,4,1,8,23,3,13,2024-08-26 03:35:35,2024-08-26 14:02:35,2024-08-26 14:46:35,15.658693,77.729828,
90,FIR202600090,CASE202600090,2024-10-10,78,91,1,1,13,37,2,25,2024-10-10 04:52:46,2024-10-10 10:34:46,2024-10-10 10:49:46,12.664321,77.362377,
91,FIR202600091,CASE202600091,2025-10-18,489,175,2,2,1,2,4,51,2025-10-18 06:22:30,2025-10-18 19:00:30,2025-10-18 20:05:30,11.616729,78.229074,
92,FIR202600092,CASE202600092,2026-02-14,371,75,3,2,12,35,1,21,2026-02-13 21:08:08,2026-02-14 08:22:08,2026-02-14 09:00:08,18.375537,77.919013,
93,FIR202600093,CASE202600093,2025-05-23,58,48,2,1,7,19,5,14,2025-05-23 08:40:01,2025-05-23 13:21:01,2025-05-23 13:45:01,15.664034,77.714083,
94,FIR202600094,CASE202600094,2024-09-07,115,77,2,1,13,38,5,21,2024-09-06 23:22:12,2024-09-07 12:14:12,2024-09-07 13:31:12,18.372166,77.96561,
95,FIR202600095,CASE202600095,2025-04-24,238,112,3,2,12,35,3,33,2025-04-24 03:39:25,2025-04-24 13:13:25,2025-04-24 14:21:25,12.48927,77.370602,
96,FIR202600096,CASE202600096,2026-07-11,93,28,4,2,12,35,5,12,2026-07-10 21:19:55,2026-07-11 02:20:55,2026-07-11 02:36:55,15.649491,77.712935,
97,FIR202600097,CASE202600097,2025-08-08,432,5,1,1,13,39,3,1,2025-08-08 10:04:14,2025-08-08 20:06:14,2025-08-08 21:48:14,16.007504,74.098659,
98,FIR202600098,CASE202600098,2026-06-23,137,63,3,2,3,9,4,18,2026-06-22 20:18:02,2026-06-23 08:10:02,2026-06-23 09:17:02,12.067299,75.363873,
99,FIR202600099,CASE202600099,2026-04-04,205,151,3,2,11,31,2,43,2026-04-04 09:04:07,2026-04-04 15:30:07,2026-04-04 17:03:07,16.715242,77.594308,
100,FIR202600100,CASE202600100,2024-07-31,146,129,1,1,8,22,3,37,2024-07-31 11:24:13,2024-07-31 16:44:13,2024-07-31 17:03:13,15.881792,77.694042,
101,FIR202600101,CASE202600101,2025-12-24,152,158,1,2,11,33,4,45,2025-12-24 11:15:18,2025-12-24 18:18:18,2025-12-24 18:47:18,12.572751,73.994507,
102,FIR202600102,CASE202600102,2025-11-26,322,177,4,1,13,37,2,51,2025-11-26 08:41:16,2025-11-26 14:16:16,2025-11-26 14:37:16,11.644697,78.307266,
103,FIR202600103,CASE202600103,2025-08-14,353,161,1,2,1,3,5,48,2025-08-14 01:54:45,2025-08-14 06:39:45,2025-08-14 07:04:45,15.079063,74.493684,
104,FIR202600104,CASE202600104,2025-01-31,307,63,1,2,4,10,4,18,2025-01-31 10:41:33,2025-01-31 13:22:33,2025-01-31 15:13:33,12.069001,75.382368,
105,FIR202600105,CASE202600105,2025-10-28,126,35,3,1,7,20,4,12,2025-10-28 00:04:59,2025-10-28 04:33:59,2025-10-28 05:48:59,15.648221,77.777814,
106,FIR202600106,CASE202600106,2024-10-12,162,5,2,2,14,40,3,1,2024-10-11 13:47:09,2024-10-11 21:08:09,2024-10-11 22:53:09,15.995304,74.059722,
107,FIR202600107,CASE202600107,2025-06-02,479,135,3,2,14,42,5,40,2025-06-01 10:37:53,2025-06-01 22:08:53,2025-06-02 00:03:53,15.888063,77.635274,
108,FIR202600108,CASE202600108,2025-06-15,238,112,3,2,9,27,4,33,2025-06-15 02:27:07,2025-06-15 11:26:07,2025-06-15 12:12:07,12.543289,77.382538,
109,FIR202600109,CASE202600109,2026-06-10,219,93,4,2,4,11,1,26,2026-06-10 09:48:23,2026-06-10 16:35:23,2026-06-10 17:40:23,18.383752,76.962333,
110,FIR202600110,CASE202600110,2026-04-15,372,101,2,1,8,22,2,29,2026-04-15 05:42:29,2026-04-15 15:19:29,2026-04-15 16:06:29,14.342312,74.285601,
111,FIR202600111,CASE202600111,2025-01-29,225,140,4,2,1,3,2,41,2025-01-28 23:16:35,2025-01-29 07:11:35,2025-01-29 08:39:35,14.149382,78.637277,
112,FIR202600112,CASE202600112,2025-07-19,158,126,3,2,6,18,4,37,2025-07-18 20:46:27,2025-07-19 07:51:27,2025-07-19 09:45:27,15.897437,77.65779,
113,FIR202600113,CASE202600113,2024-11-29,208,97,4,2,6,18,4,28,2024-11-28 22:02:31,2024-11-29 07:04:31,2024-11-29 08:28:31,17.394978,77.590335,
114,FIR202600114,CASE202600114,2026-05-12,427,181,3,2,4,12,1,52,2026-05-11 17:36:07,2026-05-12 00:42:07,2026-05-12 02:24:07,17.651579,78.299604,
115,FIR202600115,CASE202600115,2026-04-11,176,2,2,2,12,35,1,1,2026-04-11 09:28:07,2026-04-11 10:48:07,2026-04-11 12:34:07,15.977373,74.0891,
116,FIR202600116,CASE202600116,2025-02-23,285,106,2,2,4,12,4,30,2025-02-23 05:26:36,2025-02-23 16:09:36,2025-02-23 17:55:36,14.291506,74.316925,
117,FIR202600117,CASE202600117,2025-10-27,463,56,4,1,10,30,2,16,2025-10-26 13:17:14,2025-10-26 22:15:14,2025-10-26 23:34:14,12.217199,75.748738,
118,FIR202600118,CASE202600118,2025-10-05,468,133,4,1,5,15,1,39,2025-10-04 22:54:00,2025-10-05 07:51:00,2025-10-05 08:32:00,15.9143,77.590359,
119,FIR202600119,CASE202600119,2024-11-10,118,68,3,1,10,29,4,19,2024-11-10 07:42:09,2024-11-10 19:58:09,2024-11-10 21:01:09,15.491293,77.244812,
120,FIR202600120,CASE202600120,2026-01-24,472,139,4,1,2,4,4,41,2026-01-23 13:51:00,2026-01-24 00:13:00,2026-01-24 01:31:00,14.168845,78.584726,
121,FIR202600121,CASE202600121,2025-08-16,312,146,4,1,5,13,5,43,2025-08-15 19:33:45,2025-08-16 07:22:45,2025-08-16 09:02:45,16.803726,77.52975,
122,FIR202600122,CASE202600122,2026-02-04,100,56,3,1,13,37,5,16,2026-02-04 04:30:53,2026-02-04 10:44:53,2026-02-04 12:10:53,12.240521,75.75113,
123,FIR202600123,CASE202600123,2025-08-09,118,68,2,2,11,31,1,19,2025-08-09 07:30:02,2025-08-09 13:20:02,2025-08-09 14:21:02,15.514114,77.265672,
124,FIR202600124,CASE202600124,2024-07-24,317,86,1,2,15,44,3,24,2024-07-23 14:46:06,2024-07-24 03:12:06,2024-07-24 03:39:06,13.322712,78.30175,
125,FIR202600125,CASE202600125,2025-03-14,218,85,3,2,9,27,3,24,2025-03-13 18:01:49,2025-03-13 21:17:49,2025-03-13 23:07:49,13.376896,78.323943,
126,FIR202600126,CASE202600126,2024-08-06,250,109,3,1,13,37,4,32,2024-08-06 05:39:42,2024-08-06 07:48:42,2024-08-06 09:29:42,13.035969,76.308465,
127,FIR202600127,CASE202600127,2026-05-23,91,170,4,2,14,42,3,50,2026-05-23 14:24:24,2026-05-23 17:14:24,2026-05-23 18:09:24,18.126829,78.229276,
128,FIR202600128,CASE202600128,2026-04-17,272,97,3,2,11,33,3,28,2026-04-17 07:18:58,2026-04-17 17:42:58,2026-04-17 19:32:58,17.43731,77.555772,
129,FIR202600129,CASE202600129,2026-03-14,491,174,2,1,8,22,5,51,2026-03-14 09:38:26,2026-03-14 18:58:26,2026-03-14 20:21:26,11.647641,78.278275,
130,FIR202600130,CASE202600130,2025-03-02,24,168,4,2,15,45,3,49,2025-03-01 18:15:57,2025-03-02 05:41:57,2025-03-02 06:00:57,15.041249,74.886446,
131,FIR202600131,CASE202600131,2024-09-03,233,89,4,1,2,4,2,25,2024-09-02 22:29:37,2024-09-03 07:37:37,2024-09-03 08:31:37,12.729647,77.364564,
132,FIR202600132,CASE202600132,2026-04-17,287,89,4,1,10,30,2,25,2026-04-16 18:59:59,2026-04-17 02:40:59,2026-04-17 02:57:59,12.744325,77.363944,
133,FIR202600133,CASE202600133,2026-06-05,286,102,3,2,1,3,3,29,2026-06-05 11:04:28,2026-06-05 15:32:28,2026-06-05 16:33:28,14.324747,74.286795,
134,FIR202600134,CASE202600134,2024-09-23,470,39,3,2,9,27,3,13,2024-09-22 21:57:28,2024-09-22 23:22:28,2024-09-23 00:02:28,15.635579,77.734205,
135,FIR202600135,CASE202600135,2025-07-08,155,60,4,1,2,6,2,17,2025-07-08 08:23:35,2025-07-08 20:03:35,2025-07-08 21:24:35,13.336668,74.218024,
136,FIR202600136,CASE202600136,2024-09-11,40,128,2,1,13,39,2,40,2024-09-11 01:40:08,2024-09-11 04:33:08,2024-09-11 06:15:08,15.8589,77.625932,
137,FIR202600137,CASE202600137,2026-01-22,412,83,2,2,6,16,5,24,2026-01-22 04:50:49,2026-01-22 06:07:49,2026-01-22 08:01:49,13.385742,78.31803,
138,FIR202600138,CASE202600138,2026-01-26,354,69,2,1,2,6,1,19,2026-01-25 23:19:14,2026-01-26 02:19:14,2026-01-26 03:09:14,15.576602,77.207471,
139,FIR202600139,CASE202600139,2024-10-24,290,16,3,2,1,1,4,7,2024-10-23 16:57:46,2024-10-24 02:04:46,2024-10-24 03:44:46,11.760104,74.460292,
140,FIR202600140,CASE202600140,2025-07-01,395,64,1,1,8,24,2,18,2025-06-30 15:14:03,2025-07-01 01:16:03,2025-07-01 02:54:03,12.082679,75.308975,
141,FIR202600141,CASE202600141,2025-08-23,235,155,1,2,1,2,4,45,2025-08-23 07:49:09,2025-08-23 15:32:09,2025-08-23 15:50:09,12.632733,73.973604,
142,FIR202600142,CASE202600142,2025-01-30,372,101,1,2,6,18,2,30,2025-01-30 04:06:41,2025-01-30 06:14:41,2025-01-30 06:54:41,14.327846,74.292084,
143,FIR202600143,CASE202600143,2026-04-13,67,63,3,1,7,21,5,18,2026-04-12 18:34:22,2026-04-13 00:03:22,2026-04-13 01:12:22,12.06491,75.386958,
144,FIR202600144,CASE202600144,2025-05-24,182,157,1,2,14,42,5,45,2025-05-24 01:34:39,2025-05-24 14:29:39,2025-05-24 15:01:39,12.583232,73.98454,
145,FIR202600145,CASE202600145,2024-12-23,47,10,3,2,14,41,4,3,2024-12-22 19:11:32,2024-12-23 02:57:32,2024-12-23 03:14:32,16.637288,77.138218,
146,FIR202600146,CASE202600146,2025-08-15,162,2,3,2,3,9,4,1,2025-08-15 18:07:42,2025-08-15 20:12:42,2025-08-15 22:03:42,15.965365,74.072404,
147,FIR202600147,CASE202600147,2025-12-31,412,85,3,1,13,37,5,23,2025-12-31 02:29:49,2025-12-31 04:06:49,2025-12-31 05:22:49,13.338632,78.313569,
148,FIR202600148,CASE202600148,2024-12-15,414,108,3,2,14,42,4,32,2024-12-15 03:05:13,2024-12-15 15:08:13,2024-12-15 15:49:13,13.003571,76.253238,
149,FIR202600149,CASE202600149,2025-03-05,451,163,2,2,3,9,4,47,2025-03-04 18:55:40,2025-03-04 23:49:40,2025-03-05 00:07:40,15.110127,74.445013,
150,FIR202600150,CASE202600150,2026-07-10,411,111,3,1,10,28,4,32,2026-07-10 04:31:28,2026-07-10 14:20:28,2026-07-10 16:09:28,12.982297,76.27424,
151,FIR202600151,CASE202600151,2025-11-03,304,145,1,1,10,30,3,42,2025-11-03 10:15:31,2025-11-03 11:26:31,2025-11-03 12:05:31,17.558522,74.005583,
152,FIR202600152,CASE202600152,2025-06-04,227,98,2,2,14,40,5,28,2025-06-03 20:17:44,2025-06-04 07:42:44,2025-06-04 07:55:44,17.428642,77.615583,
153,FIR202600153,CASE202600153,2025-07-31,410,85,1,2,12,36,2,23,2025-07-31 02:33:08,2025-07-31 09:59:08,2025-07-31 11:02:08,13.328298,78.324933,
154,FIR202600154,CASE202600154,2024-10-18,287,88,3,1,13,39,5,25,2024-10-18 09:13:33,2024-10-18 12:09:33,2024-10-18 12:20:33,12.68317,77.367038,
155,FIR202600155,CASE202600155,2025-01-01,124,120,1,1,5,14,4,36,2025-01-01 02:14:16,2025-01-01 10:52:16,2025-01-01 11:53:16,15.078867,74.468703,
156,FIR202600156,CASE202600156,2025-03-24,323,69,1,2,6,17,1,19,2025-03-23 18:53:33,2025-03-24 00:36:33,2025-03-24 02:07:33,15.570469,77.246552,
157,FIR202600157,CASE202600157,2025-09-20,361,171,1,2,4,11,5,50,2025-09-20 01:37:53,2025-09-20 02:37:53,2025-09-20 03:08:53,18.166472,78.241239,
158,FIR202600158,CASE202600158,2025-01-05,49,41,3,1,5,14,1,14,2025-01-04 23:54:46,2025-01-05 01:25:46,2025-01-05 03:05:46,15.604573,77.68808,
159,FIR202600159,CASE202600159,2024-12-29,131,12,2,2,9,27,3,2,2024-12-28 20:46:21,2024-12-28 23:11:21,2024-12-29 01:06:21,16.676556,77.114411,
160,FIR202600160,CASE202600160,2024-09-12,248,22,1,2,14,41,5,6,2024-09-12 08:27:28,2024-09-12 16:03:28,2024-09-12 16:59:28,11.71259,74.423768,
161,FIR202600161,CASE202600161,2025-10-21,166,52,1,2,6,16,5,15,2025-10-20 21:36:31,2025-10-21 06:29:31,2025-10-21 08:02:31,16.325226,75.586004,
162,FIR202600162,CASE202600162,2025-01-04,51,125,2,1,7,21,4,37,2025-01-04 03:37:51,2025-01-04 12:42:51,2025-01-04 13:37:51,15.932778,77.65961,
163,FIR202600163,CASE202600163,2026-05-07,116,34,2,1,2,6,1,13,2026-05-06 12:58:03,2026-05-06 22:30:03,2026-05-06 22:59:03,15.649675,77.751532,
164,FIR202600164,CASE202600164,2026-04-03,289,55,2,2,4,10,2,16,2026-04-03 13:16:55,2026-04-03 18:28:55,2026-04-03 18:55:55,12.19672,75.759769,
165,FIR202600165,CASE202600165,2024-09-12,169,109,1,2,3,9,4,32,2024-09-12 06:06:38,2024-09-12 14:54:38,2024-09-12 16:11:38,13.011295,76.320461,
166,FIR202600166,CASE202600166,2025-01-10,147,127,3,2,14,42,3,37,2025-01-10 16:20:28,2025-01-10 19:48:28,2025-01-10 20:01:28,15.859836,77.667435,
167,FIR202600167,CASE202600167,2025-11-17,298,130,3,1,10,28,3,40,2025-11-17 04:31:19,2025-11-17 13:35:19,2025-11-17 14:19:19,15.86009,77.61327,
168,FIR202600168,CASE202600168,2024-12-25,244,11,3,1,2,6,1,3,2024-12-24 13:21:34,2024-12-24 23:59:34,2024-12-25 01:08:34,16.636118,77.151692,
169,FIR202600169,CASE202600169,2024-10-26,281,144,1,1,8,24,2,42,2024-10-26 12:45:08,2024-10-26 19:23:08,2024-10-26 20:28:08,17.517531,74.037861,
170,FIR202600170,CASE202600170,2026-05-28,70,25,1,1,13,38,1,8,2026-05-28 05:20:33,2026-05-28 15:01:33,2026-05-28 15:28:33,15.38625,77.294022,
171,FIR202600171,CASE202600171,2025-09-07,293,55,4,2,9,27,5,16,2025-09-07 15:04:57,2025-09-07 18:27:57,2025-09-07 19:19:57,12.210793,75.760688,
172,FIR202600172,CASE202600172,2025-06-28,470,39,1,1,13,39,3,13,2025-06-28 18:04:47,2025-06-28 20:25:47,2025-06-28 20:42:47,15.61819,77.694313,
173,FIR202600173,CASE202600173,2026-02-09,494,134,2,2,6,16,5,39,2026-02-08 12:08:30,2026-02-08 23:17:30,2026-02-09 00:06:30,15.913375,77.623396,
174,FIR202600174,CASE202600174,2026-02-25,324,83,4,2,3,9,1,24,2026-02-24 23:43:48,2026-02-25 05:18:48,2026-02-25 06:11:48,13.37399,78.334408,
175,FIR202600175,CASE202600175,2024-12-07,104,179,1,2,11,33,4,52,2024-12-07 09:21:23,2024-12-07 18:44:23,2024-12-07 18:51:23,17.630723,78.361316,
176,FIR202600176,CASE202600176,2024-10-01,58,48,3,1,13,38,2,10,2024-10-01 00:57:39,2024-10-01 05:05:39,2024-10-01 05:29:39,15.632184,77.757085,
177,FIR202600177,CASE202600177,2025-05-29,469,130,1,2,11,32,5,39,2025-05-29 18:24:35,2025-05-29 22:02:35,2025-05-29 22:55:35,15.84271,77.659738,
178,FIR202600178,CASE202600178,2025-05-24,430,40,2,2,12,35,1,10,2025-05-24 09:11:52,2025-05-24 16:34:52,2025-05-24 18:05:52,15.65999,77.769928,
179,FIR202600179,CASE202600179,2025-06-25,57,18,4,2,4,12,2,7,2025-06-24 16:26:45,2025-06-24 22:17:45,2025-06-25 00:02:45,11.721724,74.401581,
180,FIR202600180,CASE202600180,2025-12-30,73,154,4,1,8,23,4,46,2025-12-30 11:42:33,2025-12-30 21:15:33,2025-12-30 22:13:33,12.606169,74.006964,
181,FIR202600181,CASE202600181,2025-11-20,250,109,2,2,14,41,1,32,2025-11-20 08:22:34,2025-11-20 19:52:34,2025-11-20 21:48:34,13.017633,76.271167,
182,FIR202600182,CASE202600182,2026-07-02,271,127,1,1,5,13,2,38,2026-07-02 06:35:31,2026-07-02 12:03:31,2026-07-02 14:03:31,15.842145,77.675514,
183,FIR202600183,CASE202600183,2024-10-02,161,52,2,2,14,41,3,15,2024-10-02 02:40:27,2024-10-02 04:06:27,2024-10-02 04:17:27,16.350058,75.549482,
184,FIR202600184,CASE202600184,2025-05-09,322,177,1,2,6,16,1,51,2025-05-09 06:48:49,2025-05-09 13:47:49,2025-05-09 14:04:49,11.638527,78.274134,
185,FIR202600185,CASE202600185,2025-03-25,98,126,1,1,5,14,2,38,2025-03-24 15:56:15,2025-03-25 04:26:15,2025-03-25 05:28:15,15.846612,77.610983,
186,FIR202600186,CASE202600186,2026-04-05,253,141,3,2,4,10,5,41,2026-04-05 00:30:27,2026-04-05 13:08:27,2026-04-05 14:20:27,14.1367,78.561295,
187,FIR202600187,CASE202600187,2025-01-18,188,4,3,1,2,4,2,1,2025-01-18 08:31:32,2025-01-18 16:11:32,2025-01-18 17:57:32,15.971055,74.103821,
188,FIR202600188,CASE202600188,2024-12-07,296,107,4,1,10,30,1,30,2024-12-07 05:52:51,2024-12-07 17:24:51,2024-12-07 18:42:51,14.323735,74.325023,
189,FIR202600189,CASE202600189,2025-06-11,441,1,1,1,10,29,2,1,2025-06-11 10:05:23,2025-06-11 20:31:23,2025-06-11 20:59:23,16.022144,74.156424,
190,FIR202600190,CASE202600190,2025-05-23,95,178,3,1,2,6,5,52,2025-05-23 03:51:16,2025-05-23 13:41:16,2025-05-23 14:50:16,17.634954,78.355569,
191,FIR202600191,CASE202600191,2025-02-09,308,66,1,2,11,32,3,19,2025-02-08 21:20:55,2025-02-09 03:07:55,2025-02-09 03:14:55,15.59245,77.271512,
192,FIR202600192,CASE202600192,2025-01-19,286,102,1,1,13,39,3,31,2025-01-19 04:24:46,2025-01-19 07:26:46,2025-01-19 08:16:46,14.293733,74.319402,
193,FIR202600193,CASE202600193,2026-05-19,28,35,4,2,12,35,2,12,2026-05-19 09:32:43,2026-05-19 12:36:43,2026-05-19 14:12:43,15.627425,77.734597,
194,FIR202600194,CASE202600194,2025-06-07,410,87,2,2,15,43,3,24,2025-06-07 11:17:01,2025-06-07 16:49:01,2025-06-07 17:44:01,13.365906,78.259784,
195,FIR202600195,CASE202600195,2026-04-05,291,60,2,1,5,14,1,17,2026-04-04 18:54:53,2026-04-05 06:15:53,2026-04-05 06:54:53,13.381594,74.22423,
196,FIR202600196,CASE202600196,2025-08-24,273,19,4,2,12,35,4,7,2025-08-23 16:50:27,2025-08-23 23:01:27,2025-08-24 00:09:27,11.735035,74.458868,
197,FIR202600197,CASE202600197,2024-08-28,270,84,3,1,13,37,4,23,2024-08-28 15:37:43,2024-08-28 18:04:43,2024-08-28 19:26:43,13.382688,78.291829,
198,FIR202600198,CASE202600198,2026-07-13,169,109,1,2,6,18,3,32,2026-07-13 03:59:33,2026-07-13 09:27:33,2026-07-13 10:49:33,12.99436,76.291647,
199,FIR202600199,CASE202600199,2026-03-18,147,127,4,2,1,3,3,37,2026-03-17 13:04:02,2026-03-17 23:31:02,2026-03-18 00:11:02,15.892106,77.70614,
200,FIR202600200,CASE202600200,2026-06-21,194,86,1,2,11,33,4,23,2026-06-21 08:17:52,2026-06-21 14:49:52,2026-06-21 16:36:52,13.324381,78.271254,
201,FIR202600201,CASE202600201,2026-05-21,418,145,4,2,1,1,1,42,2026-05-21 15:10:22,2026-05-21 19:59:22,2026-05-21 21:26:22,17.524959,74.04149,
202,FIR202600202,CASE202600202,2026-03-26,418,145,1,1,10,28,4,42,2026-03-26 16:07:08,2026-03-26 22:30:08,2026-03-26 23:31:08,17.537665,74.01629,
203,FIR202600203,CASE202600203,2024-11-20,164,93,4,2,6,18,3,27,2024-11-20 00:39:05,2024-11-20 04:46:05,2024-11-20 04:54:05,18.39053,76.945731,
204,FIR202600204,CASE202600204,2025-07-08,379,156,1,1,5,14,4,46,2025-07-08 02:21:10,2025-07-08 07:00:10,2025-07-08 07:41:10,12.550304,74.016271,
205,FIR202600205,CASE202600205,2024-12-24,189,76,1,1,8,22,4,21,2024-12-24 04:53:43,2024-12-24 07:44:43,2024-12-24 09:16:43,18.436288,77.956611,
206,FIR202600206,CASE202600206,2025-05-08,312,146,3,2,15,44,2,43,2025-05-08 03:28:33,2025-05-08 16:13:33,2025-05-08 17:47:33,16.759534,77.50673,
207,FIR202600207,CASE202600207,2024-09-03,413,48,2,1,2,4,2,12,2024-09-03 10:46:29,2024-09-03 15:36:29,2024-09-03 16:44:29,15.63609,77.744135,
208,FIR202600208,CASE202600208,2025-04-22,8,131,4,1,13,39,2,40,2025-04-22 05:54:03,2025-04-22 16:50:03,2025-04-22 17:06:03,15.894318,77.692992,
209,FIR202600209,CASE202600209,2026-07-03,146,129,4,2,9,26,4,38,2026-07-03 02:22:02,2026-07-03 12:26:02,2026-07-03 12:47:02,15.868437,77.671544,
210,FIR202600210,CASE202600210,2025-01-30,47,10,3,2,3,9,5,3,2025-01-30 06:38:37,2025-01-30 10:27:37,2025-01-30 10:48:37,16.641854,77.150405,
211,FIR202600211,CASE202600211,2026-02-08,381,119,1,2,9,25,3,34,2026-02-08 02:39:07,2026-02-08 05:49:07,2026-02-08 06:35:07,14.503585,76.71747,
212,FIR202600212,CASE202600212,2025-06-16,30,139,3,2,14,40,3,41,2025-06-16 00:39:57,2025-06-16 05:19:57,2025-06-16 06:34:57,14.116793,78.585181,
213,FIR202600213,CASE202600213,2025-05-24,162,5,1,2,9,27,2,1,2025-05-23 23:19:19,2025-05-24 09:56:19,2025-05-24 10:20:19,16.018798,74.102806,
214,FIR202600214,CASE202600214,2026-06-13,338,17,3,2,14,42,1,5,2026-06-12 22:21:24,2026-06-12 23:26:24,2026-06-12 23:36:24,11.742147,74.409937,
215,FIR202600215,CASE202600215,2026-07-10,72,31,2,1,13,39,4,12,2026-07-10 09:15:03,2026-07-10 19:55:03,2026-07-10 20:03:03,15.630074,77.752893,
216,FIR202600216,CASE202600216,2025-08-27,248,22,3,1,8,22,4,7,2025-08-27 14:57:31,2025-08-27 20:26:31,2025-08-27 20:40:31,11.697013,74.441795,
217,FIR202600217,CASE202600217,2025-12-23,464,100,4,2,4,11,5,28,2025-12-22 19:15:02,2025-12-22 22:35:02,2025-12-23 00:30:02,17.424275,77.623519,
218,FIR202600218,CASE202600218,2024-11-12,315,72,4,2,3,8,5,21,2024-11-11 17:33:07,2024-11-12 02:39:07,2024-11-12 03:24:07,18.378008,77.910497,
219,FIR202600219,CASE202600219,2025-02-22,409,65,2,2,3,7,1,18,2025-02-21 23:24:32,2025-02-22 04:48:32,2025-02-22 06:43:32,12.012163,75.386874,
220,FIR202600220,CASE202600220,2026-06-21,352,69,2,2,14,41,5,19,2026-06-21 03:20:13,2026-06-21 15:40:13,2026-06-21 16:09:13,15.571167,77.237407,
221,FIR202600221,CASE202600221,2025-09-13,250,109,4,2,15,44,4,32,2025-09-13 11:47:14,2025-09-13 12:52:14,2025-09-13 13:47:14,13.011795,76.279456,
222,FIR202600222,CASE202600222,2025-08-18,230,20,3,2,1,1,3,5,2025-08-17 20:15:32,2025-08-18 04:53:32,2025-08-18 06:50:32,11.753629,74.394428,
223,FIR202600223,CASE202600223,2026-01-13,253,141,1,2,14,40,4,41,2026-01-13 02:30:50,2026-01-13 06:26:50,2026-01-13 07:04:50,14.17586,78.565965,
224,FIR202600224,CASE202600224,2024-09-02,162,5,4,2,1,3,5,1,2024-09-02 09:21:15,2024-09-02 13:44:15,2024-09-02 14:59:15,15.983686,74.089823,
225,FIR202600225,CASE202600225,2025-09-17,457,180,3,2,14,42,5,52,2025-09-17 02:11:53,2025-09-17 04:19:53,2025-09-17 04:36:53,17.625574,78.381454,
226,FIR202600226,CASE202600226,2025-07-21,224,100,3,1,13,37,2,28,2025-07-20 11:55:37,2025-07-20 22:27:37,2025-07-20 23:23:37,17.382638,77.574207,
227,FIR202600227,CASE202600227,2026-03-30,395,64,3,1,13,38,5,18,2026-03-29 13:42:10,2026-03-29 21:51:10,2026-03-29 23:13:10,12.059779,75.337374,
228,FIR202600228,CASE202600228,2024-11-14,286,102,3,2,3,8,5,30,2024-11-13 15:07:51,2024-11-14 04:00:51,2024-11-14 04:43:51,14.293602,74.330531,
229,FIR202600229,CASE202600229,2026-06-15,146,129,4,2,12,36,3,37,2026-06-15 10:12:26,2026-06-15 19:04:26,2026-06-15 19:11:26,15.849771,77.651122,
230,FIR202600230,CASE202600230,2024-09-19,117,137,4,1,10,29,1,41,2024-09-18 22:07:43,2024-09-19 08:37:43,2024-09-19 09:15:43,14.177951,78.594199,
231,FIR202600231,CASE202600231,2024-12-04,7,6,2,2,12,34,5,4,2024-12-04 02:04:32,2024-12-04 10:14:32,2024-12-04 11:26:32,16.675395,77.140077,
232,FIR202600232,CASE202600232,2025-09-25,22,89,4,2,3,9,2,25,2025-09-24 21:56:28,2025-09-24 23:32:28,2025-09-25 01:06:28,12.718833,77.334063,
233,FIR202600233,CASE202600233,2025-11-22,362,110,4,2,3,8,2,32,2025-11-21 16:19:51,2025-11-21 23:51:51,2025-11-22 01:35:51,13.038136,76.338558,
234,FIR202600234,CASE202600234,2025-01-09,43,42,1,2,12,34,5,13,2025-01-08 15:54:45,2025-01-08 20:29:45,2025-01-08 21:15:45,15.626648,77.703599,
235,FIR202600235,CASE202600235,2024-10-18,391,8,2,1,8,24,3,3,2024-10-17 13:54:05,2024-10-17 23:16:05,2024-10-18 00:47:05,16.651734,77.111082,
236,FIR202600236,CASE202600236,2026-04-26,81,47,4,2,4,10,3,9,2026-04-25 15:18:02,2026-04-26 00:37:02,2026-04-26 01:10:02,15.663174,77.699166,
237,FIR202600237,CASE202600237,2025-01-17,282,105,4,2,6,17,3,30,2025-01-16 14:19:02,2025-01-17 00:18:02,2025-01-17 02:04:02,14.269472,74.27945,
238,FIR202600238,CASE202600238,2025-09-24,338,17,4,2,15,44,3,5,2025-09-24 13:01:10,2025-09-24 16:19:10,2025-09-24 16:29:10,11.753205,74.3988,
239,FIR202600239,CASE202600239,2025-10-12,372,101,4,2,11,32,4,29,2025-10-12 10:55:38,2025-10-12 15:07:38,2025-10-12 16:57:38,14.306129,74.292904,
240,FIR202600240,CASE202600240,2025-05-21,255,143,3,2,3,7,5,42,2025-05-21 05:54:56,2025-05-21 18:31:56,2025-05-21 19:06:56,17.526347,74.073501,
241,FIR202600241,CASE202600241,2025-09-16,17,148,2,2,11,31,1,44,2025-09-16 17:27:38,2025-09-16 19:53:38,2025-09-16 20:40:38,16.697667,77.573013,
242,FIR202600242,CASE202600242,2025-08-04,239,19,1,2,9,25,4,5,2025-08-03 20:35:15,2025-08-04 08:34:15,2025-08-04 10:31:15,11.741641,74.422998,
243,FIR202600243,CASE202600243,2026-05-27,65,75,3,2,6,17,1,21,2026-05-27 15:22:18,2026-05-27 18:03:18,2026-05-27 19:21:18,18.372259,77.914166,
244,FIR202600244,CASE202600244,2024-12-17,65,75,1,2,15,43,4,21,2024-12-17 08:49:54,2024-12-17 12:48:54,2024-12-17 12:57:54,18.387428,77.881958,
245,FIR202600245,CASE202600245,2025-12-21,158,126,3,2,15,43,1,38,2025-12-21 04:55:28,2025-12-21 10:31:28,2025-12-21 11:53:28,15.902004,77.626332,
246,FIR202600246,CASE202600246,2025-01-11,257,50,4,2,11,33,5,15,2025-01-11 04:07:21,2025-01-11 13:03:21,2025-01-11 13:25:21,16.398152,75.572381,
247,FIR202600247,CASE202600247,2025-05-04,176,3,1,2,6,16,4,1,2025-05-04 08:37:06,2025-05-04 19:53:06,2025-05-04 21:29:06,15.910052,74.125778,
248,FIR202600248,CASE202600248,2025-11-19,383,152,3,1,10,30,2,45,2025-11-19 03:25:28,2025-11-19 07:04:28,2025-11-19 08:58:28,12.591154,74.063219,
249,FIR202600249,CASE202600249,2025-02-24,301,149,3,1,2,5,1,44,2025-02-24 08:17:06,2025-02-24 11:25:06,2025-02-24 12:31:06,16.758868,77.48324,
250,FIR202600250,CASE202600250,2025-03-08,69,116,4,2,4,11,3,34,2025-03-08 00:03:50,2025-03-08 06:22:50,2025-03-08 07:41:50,14.458985,76.716727,
251,FIR202600251,CASE202600251,2026-01-16,336,121,2,2,1,3,1,35,2026-01-15 21:45:34,2026-01-16 06:04:34,2026-01-16 06:29:34,15.046516,74.422275,
252,FIR202600252,CASE202600252,2024-09-13,227,98,3,2,12,34,3,28,2024-09-13 11:15:37,2024-09-13 17:54:37,2024-09-13 18:27:37,17.441626,77.585965,
253,FIR202600253,CASE202600253,2025-06-18,98,131,4,2,12,36,3,40,2025-06-18 09:19:58,2025-06-18 17:03:58,2025-06-18 18:18:58,15.921202,77.681136,
254,FIR202600254,CASE202600254,2026-07-12,252,142,2,1,13,37,5,42,2026-07-12 13:40:28,2026-07-12 16:13:28,2026-07-12 17:15:28,17.512869,73.997272,
255,FIR202600255,CASE202600255,2026-07-11,389,136,1,2,1,3,5,38,2026-07-10 20:54:04,2026-07-11 01:30:04,2026-07-11 02:43:04,15.908116,77.627451,
256,FIR202600256,CASE202600256,2024-09-14,349,96,4,1,2,6,2,26,2024-09-13 23:40:08,2024-09-14 12:17:08,2024-09-14 13:24:08,18.459161,76.928914,
257,FIR202600257,CASE202600257,2024-12-24,106,80,1,1,8,22,5,22,2024-12-23 18:38:30,2024-12-24 02:07:30,2024-12-24 03:24:30,15.914071,75.712965,
258,FIR202600258,CASE202600258,2025-01-30,301,149,3,2,12,34,4,43,2025-01-30 06:35:52,2025-01-30 12:27:52,2025-01-30 12:32:52,16.737417,77.485547,
259,FIR202600259,CASE202600259,2026-05-26,413,48,3,2,12,34,5,12,2026-05-26 14:21:10,2026-05-26 16:20:10,2026-05-26 18:19:10,15.673604,77.738122,
260,FIR202600260,CASE202600260,2026-04-19,327,157,3,1,7,19,2,45,2026-04-18 20:21:36,2026-04-19 08:07:36,2026-04-19 09:34:36,12.578607,74.02431,
261,FIR202600261,CASE202600261,2026-04-17,438,172,4,2,14,41,4,50,2026-04-17 16:47:55,2026-04-17 19:30:55,2026-04-17 20:59:55,18.163123,78.268683,
262,FIR202600262,CASE202600262,2025-04-15,123,118,1,2,3,9,4,34,2025-04-15 10:33:53,2025-04-15 19:41:53,2025-04-15 21:19:53,14.515509,76.713448,
263,FIR202600263,CASE202600263,2024-11-14,312,146,3,1,8,24,5,44,2024-11-13 20:33:44,2024-11-14 04:07:44,2024-11-14 05:00:44,16.76394,77.50581,
264,FIR202600264,CASE202600264,2026-03-16,218,82,3,2,4,12,1,23,2026-03-15 21:35:50,2026-03-15 23:26:50,2026-03-16 00:55:50,13.348378,78.330123,
265,FIR202600265,CASE202600265,2025-12-12,456,150,1,2,4,10,1,44,2025-12-12 02:09:15,2025-12-12 04:47:15,2025-12-12 04:56:15,16.791588,77.534036,
266,FIR202600266,CASE202600266,2025-10-07,81,47,1,2,4,12,1,13,2025-10-06 21:43:04,2025-10-07 05:11:04,2025-10-07 05:45:04,15.62994,77.708696,
267,FIR202600267,CASE202600267,2026-07-04,488,162,1,2,3,9,3,48,2026-07-04 11:38:23,2026-07-04 16:30:23,2026-07-04 18:08:23,15.01163,74.495672,
268,FIR202600268,CASE202600268,2025-11-06,239,18,3,2,4,11,2,7,2025-11-06 09:07:27,2025-11-06 20:40:27,2025-11-06 21:13:27,11.685516,74.393597,
269,FIR202600269,CASE202600269,2024-07-29,303,115,2,2,11,33,4,33,2024-07-28 20:09:11,2024-07-29 05:40:11,2024-07-29 05:51:11,12.541289,77.461597,
270,FIR202600270,CASE202600270,2026-03-04,212,51,3,2,12,35,4,15,2026-03-03 21:51:07,2026-03-04 01:10:07,2026-03-04 02:03:07,16.440706,75.563189,
271,FIR202600271,CASE202600271,2025-02-24,22,91,2,1,5,15,2,25,2025-02-23 21:35:36,2025-02-24 06:33:36,2025-02-24 06:45:36,12.67469,77.354247,
272,FIR202600272,CASE202600272,2025-11-13,88,36,2,1,7,19,3,13,2025-11-13 03:52:44,2025-11-13 08:13:44,2025-11-13 09:40:44,15.632294,77.767408,
273,FIR202600273,CASE202600273,2026-05-30,446,128,1,2,9,27,2,37,2026-05-30 16:24:23,2026-05-30 17:41:23,2026-05-30 18:34:23,15.882769,77.615348,
274,FIR202600274,CASE202600274,2024-10-28,450,103,1,2,4,12,5,29,2024-10-27 22:58:37,2024-10-28 03:28:37,2024-10-28 03:59:37,14.314934,74.296219,
275,FIR202600275,CASE202600275,2024-10-14,284,7,2,2,15,43,1,4,2024-10-14 08:49:00,2024-10-14 21:37:00,2024-10-14 22:43:00,16.666374,77.092343,
276,FIR202600276,CASE202600276,2024-10-08,231,179,4,2,15,43,5,52,2024-10-08 07:41:40,2024-10-08 14:30:40,2024-10-08 15:11:40,17.640166,78.343169,
277,FIR202600277,CASE202600277,2025-08-26,490,147,3,1,5,14,5,43,2025-08-25 18:57:26,2025-08-26 03:26:26,2025-08-26 03:43:26,16.741917,77.529934,
278,FIR202600278,CASE202600278,2025-02-04,441,1,2,2,6,17,4,1,2025-02-04 10:11:39,2025-02-04 11:47:39,2025-02-04 13:42:39,16.026526,74.125988,
279,FIR202600279,CASE202600279,2025-10-02,209,57,4,1,5,13,2,16,2025-10-01 23:18:24,2025-10-02 05:32:24,2025-10-02 06:25:24,12.247857,75.719973,
280,FIR202600280,CASE202600280,2025-12-22,362,109,3,1,5,14,4,32,2025-12-22 05:29:06,2025-12-22 13:39:06,2025-12-22 15:17:06,12.994517,76.308231,
281,FIR202600281,CASE202600281,2024-12-17,411,111,4,2,3,9,1,32,2024-12-16 21:23:12,2024-12-17 06:25:12,2024-12-17 08:17:12,13.002194,76.275771,
282,FIR202600282,CASE202600282,2025-10-23,382,64,1,1,7,19,2,18,2025-10-23 03:49:05,2025-10-23 06:34:05,2025-10-23 06:58:05,12.064515,75.308853,
283,FIR202600283,CASE202600283,2025-01-29,414,108,1,1,10,30,5,32,2025-01-29 09:33:45,2025-01-29 18:15:45,2025-01-29 19:22:45,12.985221,76.280121,
284,FIR202600284,CASE202600284,2025-07-10,146,129,1,2,1,3,3,40,2025-07-10 04:20:16,2025-07-10 13:38:16,2025-07-10 13:45:16,15.878686,77.684988,
285,FIR202600285,CASE202600285,2026-05-06,92,113,2,1,2,4,5,33,2026-05-06 11:31:25,2026-05-06 14:46:25,2026-05-06 15:15:25,12.516319,77.474673,
286,FIR202600286,CASE202600286,2026-03-25,348,125,3,1,13,38,1,39,2026-03-24 19:17:56,2026-03-25 01:42:56,2026-03-25 02:45:56,15.902622,77.68815,
287,FIR202600287,CASE202600287,2024-09-27,98,126,3,2,11,31,1,38,2024-09-27 16:51:37,2024-09-27 19:16:37,2024-09-27 20:09:37,15.879459,77.609596,
288,FIR202600288,CASE202600288,2025-05-24,225,140,1,2,12,34,1,41,2025-05-24 09:08:55,2025-05-24 18:02:55,2025-05-24 19:02:55,14.191955,78.624336,
289,FIR202600289,CASE202600289,2025-02-07,304,145,1,2,15,45,1,42,2025-02-07 13:06:04,2025-02-07 17:19:04,2025-02-07 19:19:04,17.53176,73.987316,
290,FIR202600290,CASE202600290,2024-07-26,254,80,1,2,11,32,5,22,2024-07-25 18:11:24,2024-07-26 04:53:24,2024-07-26 05:02:24,15.936269,75.691468,
291,FIR202600291,CASE202600291,2026-01-29,57,14,2,1,10,28,4,5,2026-01-29 18:42:11,2026-01-29 21:01:11,2026-01-29 21:26:11,11.692769,74.488692,
292,FIR202600292,CASE202600292,2025-10-25,41,104,4,2,11,33,3,29,2025-10-25 05:32:18,2025-10-25 13:20:18,2025-10-25 14:59:18,14.309193,74.335625,
293,FIR202600293,CASE202600293,2025-01-28,300,81,1,2,9,27,3,22,2025-01-27 22:29:03,2025-01-27 23:35:03,2025-01-28 00:35:03,16.002208,75.682873,
294,FIR202600294,CASE202600294,2026-01-08,443,36,4,1,13,38,1,9,2026-01-08 05:53:19,2026-01-08 17:10:19,2026-01-08 18:55:19,15.606396,77.737929,
295,FIR202600295,CASE202600295,2025-08-25,293,55,4,1,7,19,5,16,2025-08-24 16:16:21,2025-08-25 03:40:21,2025-08-25 03:55:21,12.205271,75.729007,
296,FIR202600296,CASE202600296,2025-05-27,70,25,1,1,2,5,2,8,2025-05-27 08:14:11,2025-05-27 15:59:11,2025-05-27 17:44:11,15.380642,77.291134,
297,FIR202600297,CASE202600297,2024-07-30,70,25,3,1,2,4,1,8,2024-07-30 04:05:00,2024-07-30 09:33:00,2024-07-30 10:24:00,15.377519,77.272995,
298,FIR202600298,CASE202600298,2024-09-15,312,146,4,1,8,24,5,44,2024-09-15 09:57:37,2024-09-15 19:23:37,2024-09-15 19:41:37,16.754466,77.518293,
299,FIR202600299,CASE202600299,2026-04-20,160,61,3,2,14,41,1,17,2026-04-20 11:07:53,2026-04-20 16:33:53,2026-04-20 17:27:53,13.393324,74.232191,
300,FIR202600300,CASE202600300,2026-05-05,351,33,2,1,10,30,2,9,2026-05-05 11:10:43,2026-05-05 22:34:43,2026-05-05 23:00:43,15.615096,77.700171,
301,FIR202600301,CASE202600301,2025-08-20,330,158,2,1,2,4,4,45,2025-08-20 06:57:54,2025-08-20 12:23:54,2025-08-20 13:06:54,12.598004,73.970787,
302,FIR202600302,CASE202600302,2026-03-17,142,92,2,2,12,36,4,26,2026-03-16 12:17:46,2026-03-16 22:56:46,2026-03-16 23:26:46,18.417945,76.951852,
303,FIR202600303,CASE202600303,2025-09-16,251,147,4,2,6,18,4,43,2025-09-15 21:21:19,2025-09-16 03:49:19,2025-09-16 04:36:19,16.745148,77.562291,
304,FIR202600304,CASE202600304,2024-11-07,102,176,2,1,5,14,5,51,2024-11-06 21:38:46,2024-11-07 09:50:46,2024-11-07 10:56:46,11.633137,78.295971,
305,FIR202600305,CASE202600305,2024-10-23,481,77,3,1,5,15,4,21,2024-10-23 00:36:23,2024-10-23 11:26:23,2024-10-23 12:02:23,18.36838,77.986478,
306,FIR202600306,CASE202600306,2025-03-02,210,54,4,2,6,16,5,16,2025-03-02 07:08:06,2025-03-02 11:45:06,2025-03-02 12:59:06,12.25631,75.745896,
307,FIR202600307,CASE202600307,2026-05-02,63,45,4,2,12,34,4,13,2026-05-01 21:38:10,2026-05-02 03:31:10,2026-05-02 05:04:10,15.61909,77.756919,
308,FIR202600308,CASE202600308,2026-02-17,387,134,4,2,11,32,2,37,2026-02-16 19:02:40,2026-02-17 06:21:40,2026-02-17 06:56:40,15.894833,77.624401,
309,FIR202600309,CASE202600309,2026-04-04,111,104,4,1,2,5,5,29,2026-04-04 07:44:08,2026-04-04 16:21:08,2026-04-04 17:17:08,14.29216,74.34949,
310,FIR202600310,CASE202600310,2026-05-02,97,15,4,2,9,25,3,5,2026-05-01 20:39:10,2026-05-02 09:36:10,2026-05-02 11:24:10,11.720442,74.45703,
311,FIR202600311,CASE202600311,2024-12-21,69,116,1,1,13,37,3,34,2024-12-21 13:25:20,2024-12-21 17:06:20,2024-12-21 18:29:20,14.492092,76.716208,
312,FIR202600312,CASE202600312,2025-01-19,267,169,4,1,13,38,4,50,2025-01-18 23:37:41,2025-01-19 01:37:41,2025-01-19 01:54:41,18.190594,78.223887,
313,FIR202600313,CASE202600313,2024-10-05,411,111,2,1,8,23,4,32,2024-10-05 06:20:15,2024-10-05 15:09:15,2024-10-05 16:40:15,12.986909,76.244723,
314,FIR202600314,CASE202600314,2026-02-05,177,46,1,1,8,22,3,14,2026-02-05 06:16:31,2026-02-05 14:14:31,2026-02-05 14:29:31,15.650483,77.715874,
315,FIR202600315,CASE202600315,2026-04-21,140,98,3,1,5,14,4,28,2026-04-21 04:54:45,2026-04-21 09:27:45,2026-04-21 10:33:45,17.412754,77.583564,
316,FIR202600316,CASE202600316,2025-05-12,343,85,4,2,6,16,3,23,2025-05-11 23:45:44,2025-05-12 01:36:44,2025-05-12 03:11:44,13.320208,78.32682,
317,FIR202600317,CASE202600317,2025-10-13,314,36,1,2,11,31,2,12,2025-10-13 09:03:38,2025-10-13 18:14:38,2025-10-13 19:29:38,15.596819,77.742162,
318,FIR202600318,CASE202600318,2024-11-11,232,171,4,2,4,11,2,50,2024-11-11 13:20:30,2024-11-11 17:00:30,2024-11-11 18:29:30,18.133488,78.239441,
319,FIR202600319,CASE202600319,2026-05-24,248,22,2,1,8,24,4,6,2026-05-24 03:56:09,2026-05-24 10:56:09,2026-05-24 12:31:09,11.699875,74.461998,
320,FIR202600320,CASE202600320,2026-04-07,495,66,1,1,10,28,5,19,2026-04-07 03:13:35,2026-04-07 06:36:35,2026-04-07 07:22:35,15.572592,77.266565,
321,FIR202600321,CASE202600321,2026-06-27,25,150,4,2,9,27,3,43,2026-06-26 12:57:57,2026-06-26 23:21:57,2026-06-27 00:44:57,16.790941,77.512714,
322,FIR202600322,CASE202600322,2026-02-27,129,142,4,1,10,28,3,42,2026-02-27 08:21:18,2026-02-27 18:58:18,2026-02-27 19:13:18,17.47868,73.999658,
323,FIR202600323,CASE202600323,2026-04-19,130,174,3,1,2,4,3,51,2026-04-19 05:54:20,2026-04-19 18:03:20,2026-04-19 19:13:20,11.633876,78.248423,
324,FIR202600324,CASE202600324,2024-08-10,438,172,4,1,7,19,4,50,2024-08-10 01:28:24,2024-08-10 13:02:24,2024-08-10 14:35:24,18.210986,78.22746,
325,FIR202600325,CASE202600325,2026-01-05,414,108,2,1,8,23,2,32,2026-01-04 21:11:56,2026-01-05 00:31:56,2026-01-05 02:23:56,13.021989,76.298953,
326,FIR202600326,CASE202600326,2025-03-20,47,10,1,1,8,22,2,2,2025-03-19 12:52:16,2025-03-19 20:27:16,2025-03-19 21:36:16,16.64138,77.139394,
327,FIR202600327,CASE202600327,2026-05-25,3,28,4,2,12,35,4,12,2026-05-24 20:06:04,2026-05-24 23:11:04,2026-05-25 00:28:04,15.639529,77.676009,
328,FIR202600328,CASE202600328,2026-02-21,216,85,1,1,5,13,5,24,2026-02-21 04:44:40,2026-02-21 09:54:40,2026-02-21 11:38:40,13.352792,78.352588,
329,FIR202600329,CASE202600329,2026-04-07,288,13,4,2,9,27,1,6,2026-04-06 17:51:36,2026-04-07 03:58:36,2026-04-07 04:37:36,11.738262,74.408171,
330,FIR202600330,CASE202600330,2026-02-27,391,8,1,1,13,39,4,4,2026-02-27 07:58:03,2026-02-27 17:11:03,2026-02-27 18:10:03,16.657294,77.108703,
331,FIR202600331,CASE202600331,2025-01-31,58,48,2,1,5,13,4,11,2025-01-31 10:21:21,2025-01-31 15:43:21,2025-01-31 17:38:21,15.64078,77.769435,
332,FIR202600332,CASE202600332,2026-02-11,255,143,2,2,4,12,5,42,2026-02-10 11:46:54,2026-02-11 00:08:54,2026-02-11 02:03:54,17.561267,74.029149,
333,FIR202600333,CASE202600333,2024-10-09,169,109,2,1,13,37,2,32,2024-10-09 02:01:02,2024-10-09 03:37:02,2024-10-09 04:26:02,13.001226,76.297338,
334,FIR202600334,CASE202600334,2026-04-13,44,149,3,2,12,35,3,44,2026-04-12 13:58:08,2026-04-13 00:15:08,2026-04-13 02:09:08,16.761847,77.523588,
335,FIR202600335,CASE202600335,2026-04-03,286,102,1,2,3,8,1,31,2026-04-02 19:15:43,2026-04-03 01:10:43,2026-04-03 02:38:43,14.315506,74.288795,
336,FIR202600336,CASE202600336,2024-12-31,401,19,2,2,12,35,2,6,2024-12-30 11:05:48,2024-12-30 22:30:48,2024-12-30 23:37:48,11.74764,74.427154,
337,FIR202600337,CASE202600337,2026-03-04,79,121,4,1,7,20,1,35,2026-03-03 12:54:12,2026-03-04 00:44:12,2026-03-04 02:41:12,15.029523,74.411877,
338,FIR202600338,CASE202600338,2025-06-20,140,98,3,1,8,23,3,28,2025-06-19 20:13:20,2025-06-20 06:13:20,2025-06-20 08:09:20,17.42804,77.584781,
339,FIR202600339,CASE202600339,2025-02-28,411,111,3,2,14,40,5,32,2025-02-28 02:05:37,2025-02-28 09:18:37,2025-02-28 10:17:37,12.975166,76.25505,
340,FIR202600340,CASE202600340,2026-02-16,431,138,3,2,6,18,5,41,2026-02-16 05:36:44,2026-02-16 09:12:44,2026-02-16 11:06:44,14.224677,78.634243,
341,FIR202600341,CASE202600341,2025-01-03,488,160,1,2,1,1,4,48,2025-01-03 04:21:05,2025-01-03 05:28:05,2025-01-03 07:22:05,15.069902,74.457631,
342,FIR202600342,CASE202600342,2024-08-09,245,89,4,2,4,12,2,25,2024-08-09 06:04:25,2024-08-09 17:23:25,2024-08-09 17:48:25,12.712986,77.329227,
343,FIR202600343,CASE202600343,2024-12-09,362,109,1,2,6,18,2,32,2024-12-09 08:23:14,2024-12-09 09:48:14,2024-12-09 11:13:14,13.02792,76.310326,
344,FIR202600344,CASE202600344,2025-03-16,242,115,4,2,11,31,1,33,2025-03-16 17:01:40,2025-03-16 18:14:40,2025-03-16 19:20:40,12.492756,77.434887,
345,FIR202600345,CASE202600345,2026-04-07,310,72,4,2,1,1,3,21,2026-04-06 22:51:21,2026-04-07 01:46:21,2026-04-07 02:45:21,18.378682,77.908186,
346,FIR202600346,CASE202600346,2026-06-20,498,171,1,2,12,34,1,50,2026-06-19 19:51:43,2026-06-20 02:14:43,2026-06-20 04:11:43,18.117981,78.241606,
347,FIR202600347,CASE202600347,2025-02-09,92,113,2,2,11,33,2,33,2025-02-09 07:22:30,2025-02-09 09:55:30,2025-02-09 11:12:30,12.521351,77.435607,
348,FIR202600348,CASE202600348,2025-10-28,344,142,3,2,12,34,2,42,2025-10-28 09:04:26,2025-10-28 16:43:26,2025-10-28 18:15:26,17.522241,73.997787,
349,FIR202600349,CASE202600349,2025-05-07,210,54,1,2,3,7,5,16,2025-05-07 03:55:35,2025-05-07 16:19:35,2025-05-07 17:08:35,12.234277,75.72128,
350,FIR202600350,CASE202600350,2026-06-30,21,161,3,2,11,31,2,48,2026-06-30 02:26:56,2026-06-30 12:04:56,2026-06-30 13:25:56,15.063108,74.517026,
351,FIR202600351,CASE202600351,2025-08-13,318,39,1,2,14,42,3,14,2025-08-13 12:51:53,2025-08-13 17:24:53,2025-08-13 18:46:53,15.588806,77.700769,
352,FIR202600352,CASE202600352,2026-05-31,258,32,1,1,13,37,4,14,2026-05-30 21:43:03,2026-05-31 04:50:03,2026-05-31 05:25:03,15.671565,77.677139,
353,FIR202600353,CASE202600353,2024-10-14,60,156,1,2,6,17,2,46,2024-10-14 07:18:50,2024-10-14 15:13:50,2024-10-14 17:05:50,12.563545,74.040908,
354,FIR202600354,CASE202600354,2026-06-22,414,108,2,1,13,38,1,32,2026-06-22 08:34:52,2026-06-22 10:11:52,2026-06-22 10:24:52,13.000555,76.249412,
355,FIR202600355,CASE202600355,2024-11-29,57,14,1,1,13,38,5,5,2024-11-28 20:35:19,2024-11-29 02:15:19,2024-11-29 03:51:19,11.724368,74.464028,
356,FIR202600356,CASE202600356,2026-06-17,123,118,4,1,2,6,5,34,2026-06-16 16:33:39,2026-06-17 02:12:39,2026-06-17 02:36:39,14.470436,76.672818,
357,FIR202600357,CASE202600357,2025-01-30,78,89,2,1,13,37,5,25,2025-01-30 11:11:47,2025-01-30 17:36:47,2025-01-30 18:56:47,12.753179,77.346591,
358,FIR202600358,CASE202600358,2024-10-09,197,98,1,1,5,15,4,28,2024-10-09 07:19:28,2024-10-09 20:13:28,2024-10-09 20:48:28,17.398853,77.612752,
359,FIR202600359,CASE202600359,2025-06-01,433,1,1,1,8,24,5,1,2025-06-01 07:08:51,2025-06-01 08:27:51,2025-06-01 09:57:51,16.02649,74.132182,
360,FIR202600360,CASE202600360,2025-12-30,218,82,2,2,12,34,2,24,2025-12-30 02:31:52,2025-12-30 10:53:52,2025-12-30 12:04:52,13.358462,78.317195,
361,FIR202600361,CASE202600361,2025-03-06,210,54,2,2,6,16,3,16,2025-03-06 04:50:14,2025-03-06 17:46:14,2025-03-06 18:06:14,12.235508,75.738649,
362,FIR202600362,CASE202600362,2025-10-03,488,162,1,1,5,15,5,48,2025-10-02 23:09:08,2025-10-03 10:13:08,2025-10-03 11:21:08,15.023143,74.463123,
363,FIR202600363,CASE202600363,2025-07-26,165,128,2,2,6,16,3,40,2025-07-26 16:09:42,2025-07-26 19:06:42,2025-07-26 20:24:42,15.889838,77.626679,
364,FIR202600364,CASE202600364,2025-04-26,492,124,1,2,1,1,2,35,2025-04-26 17:29:39,2025-04-26 18:59:39,2025-04-26 19:50:39,15.069607,74.363978,
365,FIR202600365,CASE202600365,2025-09-11,92,113,1,2,9,27,4,33,2025-09-11 14:57:48,2025-09-11 19:17:48,2025-09-11 19:53:48,12.539683,77.444956,
366,FIR202600366,CASE202600366,2025-01-23,372,101,1,1,10,29,1,30,2025-01-22 17:25:08,2025-01-23 03:08:08,2025-01-23 05:08:08,14.300622,74.307443,
367,FIR202600367,CASE202600367,2025-12-16,479,135,1,1,7,19,4,37,2025-12-15 20:51:16,2025-12-16 02:40:16,2025-12-16 04:33:16,15.880908,77.639399,
368,FIR202600368,CASE202600368,2024-07-25,113,146,1,2,6,16,3,44,2024-07-24 10:07:28,2024-07-24 20:57:28,2024-07-24 21:40:28,16.763644,77.507136,
369,FIR202600369,CASE202600369,2026-05-21,140,98,4,1,13,37,5,28,2026-05-21 01:28:52,2026-05-21 05:37:52,2026-05-21 05:42:52,17.385619,77.589767,
370,FIR202600370,CASE202600370,2025-08-15,99,13,1,2,6,16,4,5,2025-08-15 03:31:59,2025-08-15 16:17:59,2025-08-15 17:01:59,11.701177,74.445146,
371,FIR202600371,CASE202600371,2025-12-24,229,99,4,1,8,22,2,28,2025-12-23 12:55:04,2025-12-24 01:12:04,2025-12-24 01:28:04,17.437974,77.620504,
372,FIR202600372,CASE202600372,2026-01-09,258,32,4,2,12,35,4,10,2026-01-08 18:19:27,2026-01-09 06:24:27,2026-01-09 07:43:27,15.663606,77.711111,
373,FIR202600373,CASE202600373,2025-11-18,70,25,4,1,2,6,5,8,2025-11-18 09:03:57,2025-11-18 10:30:57,2025-11-18 11:59:57,15.385591,77.283416,
374,FIR202600374,CASE202600374,2025-04-11,343,85,3,2,15,44,3,23,2025-04-11 14:49:21,2025-04-11 21:17:21,2025-04-11 21:56:21,13.323334,78.318398,
375,FIR202600375,CASE202600375,2024-09-12,120,40,1,2,3,7,2,9,2024-09-11 14:49:59,2024-09-11 23:18:59,2024-09-12 00:03:59,15.609059,77.754789,
376,FIR202600376,CASE202600376,2025-11-14,425,92,2,1,8,23,4,27,2025-11-13 18:33:32,2025-11-14 00:27:32,2025-11-14 00:47:32,18.420984,76.974736,
377,FIR202600377,CASE202600377,2025-03-18,79,121,1,2,4,11,2,36,2025-03-18 02:32:24,2025-03-18 05:17:24,2025-03-18 05:53:24,15.029127,74.369826,
378,FIR202600378,CASE202600378,2025-03-06,52,71,3,1,5,13,1,20,2025-03-06 08:57:30,2025-03-06 16:51:30,2025-03-06 17:53:30,18.375115,77.943144,
379,FIR202600379,CASE202600379,2026-03-26,176,3,4,1,2,4,1,1,2026-03-26 04:21:10,2026-03-26 05:24:10,2026-03-26 07:15:10,15.91705,74.154971,
380,FIR202600380,CASE202600380,2025-12-24,463,56,3,2,11,33,1,16,2025-12-23 18:31:29,2025-12-24 05:08:29,2025-12-24 05:46:29,12.204576,75.714332,
381,FIR202600381,CASE202600381,2025-02-24,232,171,4,1,13,37,1,50,2025-02-24 13:54:29,2025-02-24 20:01:29,2025-02-24 20:11:29,18.112791,78.250646,
382,FIR202600382,CASE202600382,2025-03-03,257,50,4,2,14,42,4,15,2025-03-03 00:52:53,2025-03-03 08:53:53,2025-03-03 09:46:53,16.395671,75.582049,
383,FIR202600383,CASE202600383,2025-05-13,327,157,2,1,5,14,4,45,2025-05-13 10:36:49,2025-05-13 13:38:49,2025-05-13 15:01:49,12.593158,74.009667,
384,FIR202600384,CASE202600384,2025-05-09,156,51,4,1,7,21,4,15,2025-05-09 02:59:38,2025-05-09 04:04:38,2025-05-09 04:44:38,16.403675,75.546745,
385,FIR202600385,CASE202600385,2025-02-21,63,45,2,2,11,33,1,11,2025-02-21 05:12:27,2025-02-21 13:02:27,2025-02-21 14:38:27,15.598733,77.756066,
386,FIR202600386,CASE202600386,2024-10-23,143,176,3,2,15,45,5,51,2024-10-22 21:52:45,2024-10-23 04:16:45,2024-10-23 04:55:45,11.624043,78.307904,
387,FIR202600387,CASE202600387,2025-05-22,473,21,1,2,15,44,1,6,2025-05-22 03:02:09,2025-05-22 11:35:09,2025-05-22 12:25:09,11.756393,74.493651,
388,FIR202600388,CASE202600388,2026-06-01,238,115,1,2,4,12,2,33,2026-05-31 17:11:48,2026-05-31 22:45:48,2026-06-01 00:34:48,12.530637,77.478184,
389,FIR202600389,CASE202600389,2025-11-23,189,76,4,2,6,16,2,21,2025-11-23 04:44:11,2025-11-23 09:21:11,2025-11-23 10:06:11,18.451057,77.915731,
390,FIR202600390,CASE202600390,2026-05-05,237,76,3,1,10,30,2,21,2026-05-04 15:45:35,2026-05-05 01:57:35,2026-05-05 03:49:35,18.428745,77.924572,
391,FIR202600391,CASE202600391,2025-10-10,196,167,1,1,2,4,2,49,2025-10-09 16:04:05,2025-10-10 02:18:05,2025-10-10 02:25:05,15.050638,74.897024,
392,FIR202600392,CASE202600392,2025-02-25,210,54,2,1,13,37,3,16,2025-02-25 00:45:37,2025-02-25 12:56:37,2025-02-25 14:43:37,12.21898,75.721753,
393,FIR202600393,CASE202600393,2025-08-22,373,103,2,1,13,37,5,31,2025-08-21 23:32:49,2025-08-22 05:36:49,2025-08-22 06:28:49,14.320479,74.247741,
394,FIR202600394,CASE202600394,2024-07-24,1,20,3,2,6,16,2,6,2024-07-23 11:53:56,2024-07-24 00:20:56,2024-07-24 02:06:56,11.770918,74.416234,
395,FIR202600395,CASE202600395,2025-02-15,307,63,2,2,12,36,5,18,2025-02-14 22:03:14,2025-02-15 04:17:14,2025-02-15 05:47:14,12.087965,75.362075,
396,FIR202600396,CASE202600396,2025-05-29,380,122,3,2,3,7,1,35,2025-05-28 22:17:57,2025-05-29 10:53:57,2025-05-29 11:48:57,15.000629,74.455065,
397,FIR202600397,CASE202600397,2025-09-14,118,68,2,2,11,33,1,19,2025-09-14 01:41:53,2025-09-14 09:50:53,2025-09-14 10:37:53,15.49362,77.280673,
398,FIR202600398,CASE202600398,2025-11-07,264,140,2,2,11,31,3,41,2025-11-06 21:44:06,2025-11-07 05:44:06,2025-11-07 06:22:06,14.159864,78.594453,
399,FIR202600399,CASE202600399,2025-06-23,368,48,3,1,13,37,1,9,2025-06-23 05:13:56,2025-06-23 06:37:56,2025-06-23 07:38:56,15.672582,77.762871,
400,FIR202600400,CASE202600400,2025-06-07,3,28,4,2,15,44,3,10,2025-06-06 18:29:41,2025-06-07 03:53:41,2025-06-07 04:10:41,15.6391,77.69746,
401,FIR202600401,CASE202600401,2024-12-24,372,101,2,2,3,8,1,31,2024-12-24 04:06:06,2024-12-24 05:24:06,2024-12-24 05:31:06,14.305529,74.265467,
402,FIR202600402,CASE202600402,2025-06-29,250,110,3,2,3,8,2,32,2025-06-29 02:59:17,2025-06-29 15:03:17,2025-06-29 16:18:17,13.003182,76.345306,
403,FIR202600403,CASE202600403,2026-05-04,450,103,4,2,12,34,4,29,2026-05-03 11:39:57,2026-05-03 22:49:57,2026-05-04 00:11:57,14.306169,74.247754,
404,FIR202600404,CASE202600404,2026-02-17,426,87,2,2,4,11,5,24,2026-02-16 17:21:28,2026-02-17 06:20:28,2026-02-17 07:58:28,13.353418,78.274478,
405,FIR202600405,CASE202600405,2024-11-23,212,51,2,1,2,4,4,15,2024-11-22 11:06:06,2024-11-22 21:41:06,2024-11-22 23:33:06,16.404656,75.556428,
406,FIR202600406,CASE202600406,2024-09-22,165,128,4,1,2,5,5,40,2024-09-22 07:07:24,2024-09-22 15:19:24,2024-09-22 15:36:24,15.858888,77.651266,
407,FIR202600407,CASE202600407,2025-07-30,422,150,1,1,8,22,3,44,2025-07-29 13:49:42,2025-07-29 21:19:42,2025-07-29 22:26:42,16.771621,77.530351,
408,FIR202600408,CASE202600408,2025-10-22,348,125,4,2,3,8,4,39,2025-10-22 05:23:21,2025-10-22 11:34:21,2025-10-22 12:36:21,15.903828,77.674219,
409,FIR202600409,CASE202600409,2025-03-21,127,113,2,2,14,41,5,33,2025-03-21 16:47:38,2025-03-21 17:56:38,2025-03-21 19:37:38,12.490534,77.465848,
410,FIR202600410,CASE202600410,2026-03-05,322,177,4,1,13,39,2,51,2026-03-04 20:39:55,2026-03-05 05:42:55,2026-03-05 07:34:55,11.667514,78.290489,
411,FIR202600411,CASE202600411,2026-01-15,360,65,4,1,10,28,4,18,2026-01-15 09:11:59,2026-01-15 14:16:59,2026-01-15 15:11:59,12.017201,75.38314,
412,FIR202600412,CASE202600412,2025-11-20,321,14,2,1,2,5,2,5,2025-11-19 22:32:22,2025-11-20 01:45:22,2025-11-20 03:33:22,11.685912,74.464015,
413,FIR202600413,CASE202600413,2025-01-01,176,3,4,2,4,12,2,1,2025-01-01 01:15:29,2025-01-01 11:31:29,2025-01-01 12:16:29,15.914429,74.138933,
414,FIR202600414,CASE202600414,2024-12-14,137,63,3,2,14,41,5,18,2024-12-13 16:08:20,2024-12-14 01:06:20,2024-12-14 03:02:20,12.086291,75.376755,
415,FIR202600415,CASE202600415,2024-08-10,158,126,4,1,2,5,2,39,2024-08-09 19:13:54,2024-08-09 22:49:54,2024-08-10 00:09:54,15.8918,77.662608,
416,FIR202600416,CASE202600416,2025-01-16,372,101,1,1,10,28,3,29,2025-01-15 14:34:46,2025-01-16 00:30:46,2025-01-16 01:19:46,14.305709,74.29847,
417,FIR202600417,CASE202600417,2025-06-30,405,165,4,2,1,1,3,49,2025-06-30 12:42:33,2025-06-30 19:51:33,2025-06-30 21:15:33,15.066205,74.905737,
418,FIR202600418,CASE202600418,2026-03-27,124,120,4,2,15,44,2,36,2026-03-27 10:08:09,2026-03-27 11:55:09,2026-03-27 13:00:09,15.116299,74.42462,
419,FIR202600419,CASE202600419,2024-09-14,355,132,3,1,5,14,4,38,2024-09-13 16:11:25,2024-09-14 04:54:25,2024-09-14 05:11:25,15.905863,77.665548,
420,FIR202600420,CASE202600420,2025-05-18,94,102,4,1,13,38,3,29,2025-05-17 19:11:41,2025-05-18 07:37:41,2025-05-18 08:59:41,14.278777,74.307337,
421,FIR202600421,CASE202600421,2025-10-20,127,113,4,2,12,35,5,33,2025-10-19 22:28:49,2025-10-20 05:20:49,2025-10-20 05:32:49,12.532221,77.429697,
422,FIR202600422,CASE202600422,2024-12-10,288,13,4,2,3,9,5,6,2024-12-10 06:57:37,2024-12-10 08:08:37,2024-12-10 08:37:37,11.739084,74.401128,
423,FIR202600423,CASE202600423,2025-12-07,486,37,4,2,1,2,2,12,2025-12-06 21:54:11,2025-12-07 03:17:11,2025-12-07 05:07:11,15.618363,77.766245,
424,FIR202600424,CASE202600424,2025-07-14,183,178,1,2,11,31,2,52,2025-07-14 09:24:44,2025-07-14 15:55:44,2025-07-14 17:16:44,17.644389,78.355398,
425,FIR202600425,CASE202600425,2025-01-15,393,73,3,2,6,16,3,20,2025-01-14 23:44:29,2025-01-15 12:37:29,2025-01-15 14:10:29,18.355301,77.930149,
426,FIR202600426,CASE202600426,2025-11-08,349,96,2,2,14,42,2,26,2025-11-07 21:07:11,2025-11-08 01:48:11,2025-11-08 02:21:11,18.417632,76.94128,
427,FIR202600427,CASE202600427,2024-07-27,355,132,1,2,14,42,1,37,2024-07-27 04:45:29,2024-07-27 13:43:29,2024-07-27 14:04:29,15.908192,77.655147,
428,FIR202600428,CASE202600428,2026-01-15,347,34,2,1,5,15,3,9,2026-01-15 06:11:49,2026-01-15 18:56:49,2026-01-15 20:23:49,15.654037,77.716628,
429,FIR202600429,CASE202600429,2026-01-29,133,71,3,1,8,23,2,20,2026-01-29 00:08:55,2026-01-29 08:27:55,2026-01-29 09:58:55,18.379689,77.951982,
430,FIR202600430,CASE202600430,2024-10-08,319,6,1,2,1,3,3,2,2024-10-07 23:56:09,2024-10-08 09:37:09,2024-10-08 10:58:09,16.649085,77.134666,
431,FIR202600431,CASE202600431,2025-05-26,1,20,4,1,2,5,3,7,2025-05-25 12:18:13,2025-05-25 23:38:13,2025-05-26 01:33:13,11.728947,74.419949,
432,FIR202600432,CASE202600432,2024-11-27,82,2,3,2,4,10,5,1,2024-11-26 22:13:40,2024-11-27 03:10:40,2024-11-27 03:22:40,15.984017,74.085785,
433,FIR202600433,CASE202600433,2026-06-13,145,179,2,2,12,34,4,52,2026-06-13 09:34:07,2026-06-13 14:50:07,2026-06-13 15:48:07,17.635487,78.306365,
434,FIR202600434,CASE202600434,2025-08-01,296,107,2,2,6,18,2,30,2025-07-31 09:09:23,2025-07-31 20:43:23,2025-07-31 22:09:23,14.335014,74.347859,
435,FIR202600435,CASE202600435,2024-08-28,237,76,3,2,14,40,5,21,2024-08-28 09:13:54,2024-08-28 12:31:54,2024-08-28 12:48:54,18.403895,77.929558,
436,FIR202600436,CASE202600436,2025-01-19,71,38,2,2,11,32,1,12,2025-01-18 17:53:48,2025-01-18 22:15:48,2025-01-18 22:48:48,15.620707,77.772235,
437,FIR202600437,CASE202600437,2026-03-26,285,106,3,1,5,15,3,30,2026-03-26 09:54:16,2026-03-26 18:48:16,2026-03-26 19:08:16,14.284528,74.350251,
438,FIR202600438,CASE202600438,2025-06-17,24,168,1,1,8,22,5,49,2025-06-17 01:47:54,2025-06-17 04:42:54,2025-06-17 06:14:54,15.070318,74.908999,
439,FIR202600439,CASE202600439,2026-02-21,56,16,2,2,3,7,3,5,2026-02-20 14:35:27,2026-02-20 22:11:27,2026-02-21 00:10:27,11.740122,74.465355,
440,FIR202600440,CASE202600440,2025-11-16,478,87,2,1,13,37,4,23,2025-11-16 04:18:48,2025-11-16 10:58:48,2025-11-16 11:25:48,13.375572,78.25787,
441,FIR202600441,CASE202600441,2026-07-05,210,54,3,2,4,10,5,16,2026-07-04 23:02:30,2026-07-05 02:33:30,2026-07-05 04:18:30,12.223171,75.738913,
442,FIR202600442,CASE202600442,2025-09-25,326,154,4,1,7,20,4,45,2025-09-25 05:09:19,2025-09-25 12:09:19,2025-09-25 12:18:19,12.569121,73.981274,
443,FIR202600443,CASE202600443,2026-06-07,247,26,1,2,15,44,5,8,2026-06-07 16:30:31,2026-06-07 20:31:31,2026-06-07 22:02:31,15.440496,77.246076,
444,FIR202600444,CASE202600444,2026-04-26,149,138,3,1,5,13,1,41,2026-04-26 10:59:20,2026-04-26 18:31:20,2026-04-26 19:51:20,14.1874,78.630025,
445,FIR202600445,CASE202600445,2025-10-08,138,79,3,1,5,14,5,22,2025-10-07 14:34:10,2025-10-08 01:07:10,2025-10-08 01:55:10,15.953387,75.688382,
446,FIR202600446,CASE202600446,2025-12-23,217,140,3,2,15,44,3,41,2025-12-23 10:13:11,2025-12-23 14:23:11,2025-12-23 16:11:11,14.146039,78.603844,
447,FIR202600447,CASE202600447,2025-07-22,472,139,2,2,4,12,1,41,2025-07-21 21:15:41,2025-07-22 07:47:41,2025-07-22 08:13:41,14.131278,78.606044,
448,FIR202600448,CASE202600448,2026-03-14,85,51,1,1,7,21,3,15,2026-03-13 14:40:59,2026-03-14 00:19:59,2026-03-14 00:30:59,16.455122,75.574496,
449,FIR202600449,CASE202600449,2025-08-22,54,7,1,2,1,3,1,2,2025-08-21 22:25:06,2025-08-22 05:53:06,2025-08-22 06:46:06,16.657473,77.078581,
450,FIR202600450,CASE202600450,2026-04-30,441,1,2,2,4,12,1,1,2026-04-30 14:58:17,2026-04-30 20:24:17,2026-04-30 21:53:17,16.0218,74.141214,
451,FIR202600451,CASE202600451,2026-01-10,500,40,2,1,7,19,5,9,2026-01-09 23:48:45,2026-01-10 12:27:45,2026-01-10 12:47:45,15.608656,77.739668,
452,FIR202600452,CASE202600452,2025-06-30,234,37,2,1,10,28,3,13,2025-06-30 04:43:20,2025-06-30 13:55:20,2025-06-30 14:45:20,15.605776,77.730484,
453,FIR202600453,CASE202600453,2025-01-26,218,82,4,2,15,43,4,23,2025-01-25 22:41:44,2025-01-26 04:56:44,2025-01-26 05:01:44,13.351781,78.328362,
454,FIR202600454,CASE202600454,2025-01-17,250,110,4,2,3,7,5,32,2025-01-17 08:01:50,2025-01-17 10:47:50,2025-01-17 12:24:50,13.037192,76.324849,
455,FIR202600455,CASE202600455,2025-10-25,162,2,4,1,5,14,4,1,2025-10-25 15:00:54,2025-10-25 16:06:54,2025-10-25 17:55:54,16.012219,74.117745,
456,FIR202600456,CASE202600456,2026-01-26,204,142,3,1,13,39,3,42,2026-01-25 22:57:44,2026-01-26 06:44:44,2026-01-26 07:03:44,17.521718,74.046004,
457,FIR202600457,CASE202600457,2025-08-03,134,160,1,2,14,40,2,48,2025-08-02 18:56:45,2025-08-03 01:18:45,2025-08-03 03:17:45,15.10073,74.473689,
458,FIR202600458,CASE202600458,2025-10-17,411,111,1,2,6,17,2,32,2025-10-17 18:18:46,2025-10-17 20:43:46,2025-10-17 21:39:46,12.961793,76.258821,
459,FIR202600459,CASE202600459,2025-02-06,470,39,4,1,13,38,2,10,2025-02-06 01:05:13,2025-02-06 03:13:13,2025-02-06 04:47:13,15.636381,77.727925,
460,FIR202600460,CASE202600460,2024-09-17,408,27,1,1,7,21,4,11,2024-09-17 00:41:04,2024-09-17 11:24:04,2024-09-17 12:25:04,15.67092,77.773164,
461,FIR202600461,CASE202600461,2025-02-14,353,161,1,2,14,42,2,47,2025-02-14 01:33:13,2025-02-14 10:31:13,2025-02-14 11:38:13,15.099269,74.48699,
462,FIR202600462,CASE202600462,2025-02-04,404,30,1,1,5,15,3,11,2025-02-03 23:14:48,2025-02-04 00:59:48,2025-02-04 02:55:48,15.643677,77.738707,
463,FIR202600463,CASE202600463,2025-03-11,322,177,2,2,11,32,5,51,2025-03-10 13:08:38,2025-03-10 22:52:38,2025-03-11 00:26:38,11.624125,78.305074,
464,FIR202600464,CASE202600464,2025-08-16,443,36,2,1,8,23,4,11,2025-08-16 08:55:57,2025-08-16 12:48:57,2025-08-16 14:38:57,15.630484,77.753355,
465,FIR202600465,CASE202600465,2024-10-31,285,106,1,2,11,31,5,29,2024-10-30 21:34:39,2024-10-31 06:28:39,2024-10-31 07:36:39,14.285799,74.341686,
466,FIR202600466,CASE202600466,2025-01-06,400,70,2,2,6,17,1,21,2025-01-05 19:44:32,2025-01-06 04:58:32,2025-01-06 06:13:32,18.404789,77.985762,
467,FIR202600467,CASE202600467,2025-12-05,477,129,1,1,8,23,5,38,2025-12-05 04:19:36,2025-12-05 12:24:36,2025-12-05 14:18:36,15.856721,77.651668,
468,FIR202600468,CASE202600468,2025-12-14,237,76,4,2,12,36,1,21,2025-12-14 03:56:25,2025-12-14 06:21:25,2025-12-14 07:18:25,18.429646,77.914049,
469,FIR202600469,CASE202600469,2024-09-08,311,166,1,1,13,39,5,49,2024-09-07 11:29:39,2024-09-07 22:48:39,2024-09-08 00:46:39,15.094502,74.889133,
470,FIR202600470,CASE202600470,2025-05-13,21,161,4,2,6,17,1,48,2025-05-12 20:53:32,2025-05-13 01:47:32,2025-05-13 02:50:32,15.079622,74.497734,
471,FIR202600471,CASE202600471,2025-08-18,24,168,4,2,12,36,3,49,2025-08-18 03:27:03,2025-08-18 15:55:03,2025-08-18 16:14:03,15.084087,74.897518,
472,FIR202600472,CASE202600472,2025-05-19,451,160,3,2,6,18,3,48,2025-05-18 18:14:53,2025-05-19 03:47:53,2025-05-19 04:39:53,15.046172,74.467439,
473,FIR202600473,CASE202600473,2024-12-19,153,42,2,2,14,42,4,10,2024-12-19 05:21:38,2024-12-19 07:37:38,2024-12-19 09:00:38,15.609199,77.736803,
474,FIR202600474,CASE202600474,2025-05-22,392,2,4,2,4,11,2,1,2025-05-21 21:47:59,2025-05-22 10:08:59,2025-05-22 10:26:59,15.962561,74.104604,
475,FIR202600475,CASE202600475,2026-05-06,60,156,1,1,13,38,4,45,2026-05-06 02:54:44,2026-05-06 14:31:44,2026-05-06 15:40:44,12.596124,74.008387,
476,FIR202600476,CASE202600476,2025-09-17,490,147,1,2,9,26,5,43,2025-09-17 00:30:02,2025-09-17 09:29:02,2025-09-17 10:39:02,16.737728,77.521139,
477,FIR202600477,CASE202600477,2025-12-06,443,36,2,1,2,5,5,10,2025-12-06 07:31:45,2025-12-06 18:27:45,2025-12-06 19:13:45,15.629843,77.7417,
478,FIR202600478,CASE202600478,2026-04-01,487,141,2,1,5,14,3,41,2026-04-01 11:04:43,2026-04-01 16:32:43,2026-04-01 18:20:43,14.13832,78.58016,
479,FIR202600479,CASE202600479,2026-01-26,451,163,3,2,14,42,5,48,2026-01-25 19:10:25,2026-01-26 01:55:25,2026-01-26 03:34:25,15.09736,74.435012,
480,FIR202600480,CASE202600480,2025-04-23,21,161,3,2,11,32,2,47,2025-04-23 06:14:45,2025-04-23 18:55:45,2025-04-23 19:22:45,15.078562,74.498762,
481,FIR202600481,CASE202600481,2024-07-27,137,63,1,1,13,38,5,18,2024-07-27 10:49:55,2024-07-27 19:26:55,2024-07-27 20:44:55,12.081705,75.379827,
482,FIR202600482,CASE202600482,2025-04-03,287,88,3,2,15,44,1,25,2025-04-02 15:19:26,2025-04-03 00:25:26,2025-04-03 00:33:26,12.682445,77.370183,
483,FIR202600483,CASE202600483,2026-01-17,379,156,2,1,5,13,3,45,2026-01-17 01:36:35,2026-01-17 12:52:35,2026-01-17 13:15:35,12.579729,74.025835,
484,FIR202600484,CASE202600484,2026-03-30,494,134,1,2,6,17,1,37,2026-03-30 02:17:31,2026-03-30 13:12:31,2026-03-30 14:43:31,15.907203,77.626032,
485,FIR202600485,CASE202600485,2026-06-10,285,106,4,2,4,12,3,31,2026-06-10 03:08:22,2026-06-10 15:50:22,2026-06-10 16:01:22,14.30456,74.369589,
486,FIR202600486,CASE202600486,2025-05-21,244,11,3,2,9,25,1,3,2025-05-21 02:23:40,2025-05-21 14:39:40,2025-05-21 15:09:40,16.660486,77.17006,
487,FIR202600487,CASE202600487,2026-01-13,91,170,4,2,14,40,3,50,2026-01-12 18:33:42,2026-01-13 05:07:42,2026-01-13 06:46:42,18.122749,78.265356,
488,FIR202600488,CASE202600488,2025-08-21,179,151,2,1,5,14,2,43,2025-08-20 16:20:14,2025-08-21 03:24:14,2025-08-21 03:52:14,16.742054,77.544757,
489,FIR202600489,CASE202600489,2025-10-01,117,137,1,1,7,20,5,41,2025-09-30 20:02:02,2025-10-01 01:10:02,2025-10-01 01:35:02,14.181738,78.547968,
490,FIR202600490,CASE202600490,2024-12-29,479,135,4,2,12,34,1,39,2024-12-29 02:19:44,2024-12-29 06:18:44,2024-12-29 07:04:44,15.864321,77.662157,
491,FIR202600491,CASE202600491,2024-12-28,63,45,3,1,8,24,5,14,2024-12-28 07:00:47,2024-12-28 13:04:47,2024-12-28 14:49:47,15.601476,77.766599,
492,FIR202600492,CASE202600492,2025-06-02,272,97,1,1,13,39,2,28,2025-06-02 05:08:46,2025-06-02 12:42:46,2025-06-02 13:55:46,17.386409,77.562543,
493,FIR202600493,CASE202600493,2024-08-13,47,10,2,2,11,32,3,3,2024-08-13 02:45:46,2024-08-13 09:03:46,2024-08-13 09:35:46,16.643512,77.15811,
494,FIR202600494,CASE202600494,2025-03-22,234,37,1,1,2,6,3,9,2025-03-22 09:04:13,2025-03-22 17:19:13,2025-03-22 19:19:13,15.624877,77.765388,
495,FIR202600495,CASE202600495,2025-11-24,117,137,1,2,11,32,4,41,2025-11-24 12:16:30,2025-11-24 14:40:30,2025-11-24 15:17:30,14.174416,78.549111,
496,FIR202600496,CASE202600496,2025-05-10,31,1,3,2,9,27,4,1,2025-05-10 12:07:46,2025-05-10 20:09:46,2025-05-10 20:51:46,15.993602,74.155849,
497,FIR202600497,CASE202600497,2024-11-19,82,4,1,2,3,9,5,1,2024-11-19 02:45:14,2024-11-19 04:25:14,2024-11-19 04:38:14,15.983848,74.143585,
498,FIR202600498,CASE202600498,2025-06-25,429,12,4,2,14,40,2,2,2025-06-24 22:45:57,2025-06-25 08:38:57,2025-06-25 10:12:57,16.689177,77.143211,
499,FIR202600499,CASE202600499,2024-10-23,184,145,2,2,1,2,3,42,2024-10-23 03:45:29,2024-10-23 04:50:29,2024-10-23 05:04:29,17.51391,73.999636,
500,FIR202600500,CASE202600500,2025-10-14,337,26,1,1,10,28,3,8,2025-10-14 12:38:54,2025-10-14 20:02:54,2025-10-14 21:04:54,15.427162,77.250131,
