ComplainantID,CaseMasterID,FullName,Gender,Age,DOB,MobileNumber,Email,AadhaarNumber,Occupation,Address,DistrictID,DistrictName,RelationshipToVictim,StatementRecordedDate
1,1,Amaira Maharaj,Female,56,1964-10-05,9898759358,amaira.maharaj733@gmail.com,831067988348,Government Employee,"81/960, Chander Nagar, Muzaffarpur-838637",12,Davanagere,Friend,2024-08-10 11:00:00
2,2,Aarush Dutta,Male,60,1991-01-19,9897606524,aarush.dutta376@gmail.com,965687203229,Police Officer,"351, Rai Zila, Secunderabad 940781",29,Vijayanagara,Brother,2025-02-07 22:00:00
3,3,Chaaya Memon,Female,43,1998-08-30,9964225258,chaaya.memon508@gmail.com,391478116535,Engineer,"10/341, Chaudhuri Ganj, Alwar 525534",21,Mandya,Sister,2025-01-01 06:00:00
4,4,Frederick Walla,Male,61,1992-11-05,9961877321,frederick.walla103@gmail.com,982519826617,Engineer,"48, Nair Ganj, Berhampur-564139",3,Belagavi,Self,2026-01-06 11:00:00
5,4,Jagvi Tata,Female,49,1973-07-03,9871398225,jagvi.tata180@gmail.com,040771452842,Business,"H.No. 23, Yohannan Circle, Bhimavaram-965328",3,Belagavi,Sister,2026-01-06 11:00:00
6,5,Chandani Batta,Female,60,2000-07-02,9963842005,chandani.batta702@gmail.com,206298026219,Journalist,"69/166, Sidhu, Begusarai-184514",15,Hassan,Neighbour,2025-11-24 13:00:00
7,6,Farhan Setty,Male,68,1950-09-29,9908104447,farhan.setty789@gmail.com,660781151148,Labourer,"14/89, Dua Ganj, Nanded 957015",22,Mysuru,Witness,2026-04-27 05:00:00
8,7,Jagdish Bhardwaj,Male,21,1964-07-11,9969899814,jagdish.bhardwaj318@gmail.com,891039726776,Doctor,"71/822, Gandhi Chowk, Dehri 383465",13,Dharwad,Brother,2024-09-25 08:00:00
9,8,Yauvani Seth,Female,31,1957-07-29,9875570558,yauvani.seth261@gmail.com,058008495500,Journalist,"H.No. 09, Karpe Circle, Chennai-031051",14,Gadag,Employer,2025-05-24 19:00:00
10,9,Maya Sunder,Female,34,1962-12-25,9886321649,maya.sunder174@gmail.com,065055130224,Mechanic,"763, Chatterjee Zila, Raichur-670106",11,Dakshina Kannada,Employer,2024-08-14 11:00:00
11,10,Chatura Kothari,Male,60,1961-09-01,9985918287,chatura.kothari259@gmail.com,267262498042,Police Officer,"24, Krish Chowk, Mango-080132",20,Koppal,Mother,2024-12-28 01:00:00
12,11,Watika Srivastava,Female,28,1962-12-15,9964751961,watika.srivastava136@gmail.com,851138788221,Housewife,"606, Sha Road, Bhusawal-234309",1,Bagalkote,Employer,2025-07-23 12:00:00
13,12,Naksh Bhandari,Male,33,1953-06-19,9981714197,naksh.bhandari521@gmail.com,888271882843,Driver,"H.No. 812, Bir Zila, Sambhal-939909",19,Kolar,Self,2024-08-11 15:00:00
14,13,Shaurya Virk,Male,43,1968-11-27,9892073568,shaurya.virk439@gmail.com,919192147365,Journalist,"53/462, Shankar Road, Srinagar 799118",29,Vijayanagara,Brother,2024-12-14 01:00:00
15,13,Yashica Lanka,Female,20,1958-03-29,9964586971,yashica.lanka541@gmail.com,063387334421,Private Employee,"542, Mittal Chowk, Begusarai 124118",29,Vijayanagara,Mother,2024-12-14 03:00:00
16,14,Madhavi Manda,Female,43,1985-08-21,9918327634,madhavi.manda791@gmail.com,249710563876,Business,"48/740, Sampath Zila, Varanasi 524278",3,Belagavi,Mother,2025-11-03 15:00:00
17,14,Aayush Choudhury,Male,20,1954-12-03,9889674857,aayush.choudhury493@gmail.com,426077141950,Software Engineer,"H.No. 98, Sani Street, Kalyan-Dombivli-505331",3,Belagavi,Neighbour,2025-11-03 16:00:00
18,15,Samar Dubey,Male,69,2004-04-02,9906959867,samar.dubey616@gmail.com,494184782742,Teacher,"602, Sabharwal Path, Shimoga-160733",12,Davanagere,Sister,2025-08-21 05:00:00
19,16,Parth Mody,Male,35,1998-02-24,9893512670,parth.mody517@gmail.com,340837908549,Private Employee,"H.No. 365, Boase Road, Etawah-850142",4,Bengaluru Rural,Relative,2024-12-29 20:00:00
20,16,Anirudh Chopra,Male,49,1985-02-27,9882436778,anirudh.chopra230@gmail.com,959560481234,Private Employee,"98, Rajan Zila, Rohtak 608835",4,Bengaluru Rural,Sister,2024-12-29 22:00:00
21,17,Bhavya Narayanan,Female,34,1986-09-13,9980059367,bhavya.narayanan767@gmail.com,002862419423,Nurse,"46/56, Datta Road, Bidar 299468",25,Shivamogga,Father,2025-09-22 15:00:00
22,17,Max Mangat,Male,37,1962-09-30,9875959391,max.mangat706@gmail.com,661786197343,Police Officer,"73, Solanki Circle, Guwahati 895134",25,Shivamogga,Self,2025-09-22 09:00:00
23,18,Ira Din,Female,70,1951-12-22,9901968747,ira.din766@gmail.com,285447288082,Journalist,"17/69, Rajagopalan Ganj, Silchar-201632",24,Ramanagara,Employer,2026-02-27 06:00:00
24,19,Arya Krish,Female,39,2003-10-09,9874343225,arya.krish382@gmail.com,551245247402,Driver,"788, Nadig, Pudukkottai 872774",5,Bengaluru Urban,Sister,2024-07-29 02:00:00
25,20,Manya Verma,Female,48,1978-08-31,9915473722,manya.verma223@gmail.com,737961725759,Mechanic,"14, Magar Ganj, Imphal-223623",30,Vijayapura,Brother,2026-02-23 13:00:00
26,21,Triya Reddy,Female,29,1969-09-30,9890529561,triya.reddy989@gmail.com,710243928104,Farmer,"H.No. 366, Bahri, Morena-546688",23,Raichur,Mother,2025-12-09 13:00:00
27,22,Yagnesh Kanda,Male,69,1966-05-22,9919025456,yagnesh.kanda894@gmail.com,544893667922,Teacher,"56, Sibal Street, Deoghar-699016",4,Bengaluru Rural,Mother,2025-03-26 19:00:00
28,23,Vihaan Gopal,Male,29,1953-06-22,9910045227,vihaan.gopal819@gmail.com,802275811212,Teacher,"755, Mall Marg, Nizamabad-708053",21,Mandya,Self,2024-11-12 10:00:00
29,24,Anmol Balasubramanian,Male,68,2005-08-20,9895894434,anmol.balasubramanian378@gmail.com,540043209859,Electrician,"23/27, Kamdar Zila, Bardhaman-299124",26,Tumakuru,Employer,2026-06-14 20:00:00
30,25,Agastya Muni,Male,66,1983-12-15,9981542948,agastya.muni193@gmail.com,443114464700,Police Officer,"31/931, Dara Road, Sri Ganganagar-518506",26,Tumakuru,Father,2025-03-22 17:00:00
31,26,Damyanti Sant,Female,73,2006-04-14,9918084056,damyanti.sant610@gmail.com,672594619621,Student,"28, Yohannan Road, Kirari Suleman Nagar-945314",25,Shivamogga,Witness,2024-09-29 12:00:00
32,27,Keya Shetty,Female,23,1983-08-11,9889941847,keya.shetty621@gmail.com,744441157107,Police Officer,"H.No. 752, Kala Chowk, Rampur-494808",8,Chikkaballapur,Witness,2024-10-02 03:00:00
33,28,Chaman Khurana,Female,70,1992-04-27,9872259415,chaman.khurana453@gmail.com,373989238434,Private Employee,"77/701, Kant Road, Latur-957885",12,Davanagere,Mother,2026-03-27 01:00:00
34,29,Oni Pandey,Female,20,1991-04-28,9885588454,oni.pandey839@gmail.com,189072630365,Shop Keeper,"H.No. 31, Mutti Ganj, Jorhat 337498",23,Raichur,Witness,2025-10-01 21:00:00
35,30,Chandresh Hari,Male,57,1967-09-27,9872622097,chandresh.hari820@gmail.com,846907231557,Lawyer,"H.No. 08, Mahal Street, Meerut 271094",16,Haveri,Father,2026-02-24 11:00:00
36,31,Wakeeta Sastry,Female,57,1970-04-26,9962914220,wakeeta.sastry923@gmail.com,425099296439,Software Engineer,"11, Swamy Marg, Gangtok 229413",26,Tumakuru,Brother,2026-01-01 07:00:00
37,32,Turvi Kara,Female,54,1995-07-20,9895929625,turvi.kara802@gmail.com,799789728212,Doctor,"49, Mody Marg, Phagwara-334123",22,Mysuru,Father,2025-08-15 23:00:00
38,33,Baljiwan Dugar,Male,37,1950-09-17,9984570271,baljiwan.dugar235@gmail.com,783521999288,Teacher,"H.No. 03, Mandal Road, Madurai-493618",29,Vijayanagara,Mother,2026-06-25 06:00:00
39,34,Falan Lata,Male,73,1998-07-03,9967998370,falan.lata649@gmail.com,137236364693,Driver,"499, Sarna Road, Bhind 648877",24,Ramanagara,Father,2025-04-23 16:00:00
40,35,Anusha Sankaran,Female,62,1993-02-28,9896100912,anusha.sankaran650@gmail.com,146794714044,Farmer,"H.No. 399, Luthra Nagar, Akola 874296",5,Bengaluru Urban,Friend,2025-08-25 18:00:00
41,36,Chakradev Singhal,Male,46,1970-09-27,9909806593,chakradev.singhal507@gmail.com,299802690397,Teacher,"12/567, Rattan Road, Malda 545168",5,Bengaluru Urban,Witness,2026-03-13 14:00:00
42,37,Vihaan Sachdev,Male,55,1953-09-13,9888277529,vihaan.sachdev233@gmail.com,571813750214,Teacher,"70/348, Mani Street, Shivpuri 093248",20,Koppal,Neighbour,2025-10-12 08:00:00
43,38,Tanvi Chander,Female,67,1963-08-04,9895159078,tanvi.chander633@gmail.com,360984174831,Electrician,"H.No. 274, Mahajan Circle, Karawal Nagar 378263",19,Kolar,Employer,2026-04-05 09:00:00
44,39,Bhavya Majumdar,Female,42,1995-05-17,9915460786,bhavya.majumdar887@gmail.com,584848373329,Shop Keeper,"40/44, Suri, Amroha-558867",7,Chamarajanagar,Father,2025-09-13 20:00:00
45,40,Girindra Khare,Male,71,1983-09-21,9870078555,girindra.khare437@gmail.com,648949023151,Driver,"H.No. 576, Doshi Marg, Vadodara-895171",7,Chamarajanagar,Father,2025-12-14 07:00:00
46,41,Advika Dhawan,Female,72,1974-05-03,9913758898,advika.dhawan728@gmail.com,656660279311,Private Employee,"45, Rao, Ozhukarai-578091",3,Belagavi,Father,2024-08-26 19:00:00
47,42,Maanas Karan,Male,65,1993-11-14,9969053413,maanas.karan432@gmail.com,750016626442,Software Engineer,"17/240, Nair Nagar, Durg-562386",14,Gadag,Friend,2025-01-04 09:00:00
48,43,Harinakshi Gill,Female,25,1955-02-19,9896553290,harinakshi.gill309@gmail.com,321230713758,Teacher,"92, Shenoy Ganj, Jaunpur-074821",13,Dharwad,Relative,2025-02-17 23:00:00
49,44,Orinder Mistry,Male,45,1987-08-13,9874034462,orinder.mistry514@gmail.com,038689082553,Police Officer,"43, Subramanian Marg, Patiala-959440",1,Bagalkote,Brother,2024-09-18 20:00:00
50,45,Mahika Anand,Female,67,1983-05-20,9880651739,mahika.anand760@gmail.com,821167617477,Journalist,"H.No. 39, Kanda Path, Udupi 210470",27,Udupi,Employer,2025-01-08 05:00:00
51,45,Ekaja Chana,Female,73,2003-04-26,9963446753,ekaja.chana175@gmail.com,340808865457,Labourer,"328, Wali Path, Dehradun 745171",27,Udupi,Employer,2025-01-07 03:00:00
52,46,Isaiah Ranganathan,Male,38,2006-08-29,9914101837,isaiah.ranganathan616@gmail.com,607956393760,Police Officer,"04, Dasgupta Circle, Arrah 965137",22,Mysuru,Father,2024-10-05 17:00:00
53,47,Omisha Kant,Female,24,1988-02-14,9916276983,omisha.kant696@gmail.com,693661705631,Engineer,"61/200, Tailor Road, Jalandhar-826758",18,Kodagu,Father,2025-02-09 21:00:00
54,48,Garima Sachdeva,Female,50,1988-07-17,9890393719,garima.sachdeva258@gmail.com,081788037131,Nurse,"H.No. 05, Sawhney Ganj, Noida-158506",5,Bengaluru Urban,Mother,2025-10-25 21:00:00
55,48,Ikshita Das,Female,20,2005-08-07,9903796772,ikshita.das344@gmail.com,384839942359,Nurse,"39/005, Dass Ganj, Coimbatore-933529",5,Bengaluru Urban,Mother,2025-10-24 13:00:00
56,49,Manya Dhillon,Female,21,2007-11-01,9964397510,manya.dhillon264@gmail.com,291492430052,Government Employee,"H.No. 020, Khanna Path, Pune 402681",7,Chamarajanagar,Brother,2025-04-12 06:00:00
57,50,Wazir Sen,Male,38,1995-09-07,9878671286,wazir.sen242@gmail.com,746902196472,Farmer,"39/08, Shanker Road, Ghaziabad 661771",5,Bengaluru Urban,Brother,2025-04-16 08:00:00
58,50,Oeshi Divan,Female,58,1954-05-14,9986084565,oeshi.divan835@gmail.com,146246090559,Student,"98, Setty Road, Navi Mumbai 836736",5,Bengaluru Urban,Relative,2025-04-17 12:00:00
59,51,Vasana Rastogi,Female,20,1974-09-07,9963373026,vasana.rastogi206@gmail.com,773058174668,Labourer,"54, Dua Path, Jabalpur 116152",11,Dakshina Kannada,Self,2024-12-21 05:00:00
60,52,Omya Das,Female,30,1974-05-20,9877833384,omya.das137@gmail.com,713783138783,Shop Keeper,"H.No. 94, Chawla Path, Bhatpara-315851",28,Uttara Kannada,Neighbour,2025-02-01 12:00:00
61,53,Jeevika Sanghvi,Female,69,1999-07-30,9912044912,jeevika.sanghvi205@gmail.com,063646308392,Teacher,"H.No. 244, Panchal Path, Bokaro 961201",23,Raichur,Relative,2026-05-29 04:00:00
62,53,Riya Saini,Female,50,1976-11-13,9987108641,riya.saini341@gmail.com,733566937553,Electrician,"H.No. 59, Chad, Bhatpara-901476",23,Raichur,Brother,2026-05-30 18:00:00
63,54,Timothy Sachdeva,Male,19,1966-05-27,9961591772,timothy.sachdeva726@gmail.com,294184840683,Teacher,"14, Sur, Ranchi 690034",19,Kolar,Witness,2025-11-02 23:00:00
64,55,Ekantika Kumer,Female,75,1967-05-06,9898796751,ekantika.kumer305@gmail.com,724354918037,Engineer,"62, Rai Street, Orai 160607",5,Bengaluru Urban,Relative,2025-10-06 07:00:00
65,56,Nirja Sanghvi,Female,70,1983-10-25,9910964638,nirja.sanghvi898@gmail.com,557158853192,Mechanic,"H.No. 605, Sharma Street, Hubli–Dharwad-136968",28,Uttara Kannada,Father,2024-11-24 10:00:00
66,57,Siya Mukherjee,Female,30,1993-10-24,9969266065,siya.mukherjee694@gmail.com,167685800656,Housewife,"181, Uppal Circle, Karnal-231243",13,Dharwad,Employer,2026-01-01 13:00:00
67,58,Faraj Borra,Male,49,1960-10-30,9965632844,faraj.borra805@gmail.com,044263778913,Software Engineer,"97/99, Mutti Path, Gandhidham-774490",17,Kalaburagi,Friend,2024-11-19 12:00:00
68,58,Zehaan Borah,Male,47,1968-07-23,9872202362,zehaan.borah986@gmail.com,989711948403,Driver,"H.No. 541, Tripathi Zila, Surendranagar Dudhrej-793597",17,Kalaburagi,Brother,2024-11-19 06:00:00
69,59,Bhavani Seshadri,Female,21,1956-07-23,9872586201,bhavani.seshadri237@gmail.com,877345150572,Nurse,"20/37, Viswanathan Chowk, Bharatpur 466590",22,Mysuru,Father,2025-04-24 16:00:00
70,60,Bachittar Narayan,Male,24,1956-01-15,9903953164,bachittar.narayan141@gmail.com,013446536197,Journalist,"H.No. 92, Bumb Path, Etawah-629148",2,Ballari,Friend,2026-07-06 20:00:00
71,61,Omya Datta,Female,63,1989-06-04,9912836957,omya.datta842@gmail.com,865269520457,Doctor,"50/54, Kala Street, Shivpuri 322141",4,Bengaluru Rural,Brother,2025-10-28 01:00:00
72,62,Om Deep,Male,54,1985-03-13,9961031647,om.deep582@gmail.com,870123653193,Electrician,"927, Roy Nagar, Patiala-947383",22,Mysuru,Employer,2025-08-28 23:00:00
73,63,Vrinda Hari,Female,30,1971-11-22,9882299776,vrinda.hari600@gmail.com,339721639898,Farmer,"H.No. 68, Sahota Circle, Kollam-407581",30,Vijayapura,Sister,2025-11-28 19:00:00
74,64,Lucky Chacko,Male,40,1994-10-26,9906728252,lucky.chacko211@gmail.com,652656047170,Lawyer,"26/13, Palla Chowk, Vijayanagaram 685361",5,Bengaluru Urban,Relative,2026-03-23 12:00:00
75,65,Jasmit Bala,Female,48,1969-01-15,9961936905,jasmit.bala647@gmail.com,780948908717,Farmer,"204, Dewan Chowk, Sultan Pur Majra 104328",21,Mandya,Self,2026-02-02 19:00:00
76,66,Dayamai Mani,Female,54,1964-05-04,9911929549,dayamai.mani971@gmail.com,528376703261,Private Employee,"697, Choudhry Zila, Kavali 893246",28,Uttara Kannada,Relative,2025-01-05 16:00:00
77,67,Qushi Khosla,Female,23,1983-08-28,9906113222,qushi.khosla871@gmail.com,235523264169,Mechanic,"51/88, Tripathi Circle, Pali-065405",26,Tumakuru,Father,2024-08-16 22:00:00
78,68,Pooja Khosla,Female,41,1993-01-25,9912944937,pooja.khosla582@gmail.com,788765755391,Engineer,"058, Gill Path, Nangloi Jat 217043",15,Hassan,Brother,2025-03-08 12:00:00
79,69,Harish Barman,Male,28,1968-11-10,9898467484,harish.barman156@gmail.com,454048738750,Teacher,"74/03, Parikh Road, Bathinda 156676",22,Mysuru,Witness,2025-02-01 23:00:00
80,70,Girik Taneja,Male,75,1990-09-12,9879421167,girik.taneja530@gmail.com,384930981819,Engineer,"H.No. 616, Gole, Pondicherry 154479",26,Tumakuru,Mother,2024-12-23 02:00:00
81,71,Fiyaz Sawhney,Male,71,1970-12-12,9877947432,fiyaz.sawhney571@gmail.com,329718478021,Labourer,"64/01, Patla Marg, Ludhiana 970213",5,Bengaluru Urban,Employer,2026-06-02 03:00:00
82,72,Pratyush Rajagopal,Male,33,2005-08-17,9960457719,pratyush.rajagopal339@gmail.com,873563316230,Lawyer,"75/571, Devan, Sikar 431027",6,Bidar,Relative,2026-04-17 14:00:00
83,72,Dhriti Lala,Female,21,1995-07-04,9899673413,dhriti.lala872@gmail.com,522814044532,Teacher,"47/31, Borah Street, Malegaon-155188",6,Bidar,Neighbour,2026-04-16 22:00:00
84,73,Netra Dugar,Female,23,1991-11-04,9917126681,netra.dugar879@gmail.com,562293921777,Nurse,"31/32, Tak Ganj, Karimnagar-782911",26,Tumakuru,Brother,2025-03-07 16:00:00
85,74,Sneha Srinivas,Female,33,1981-01-17,9913246338,sneha.srinivas577@gmail.com,094893452129,Housewife,"517, Varughese Chowk, Warangal-268018",11,Dakshina Kannada,Sister,2025-11-08 14:00:00
86,75,Max Gala,Male,30,1959-12-14,9892525937,max.gala600@gmail.com,964171749560,Teacher,"41/43, Maharaj Circle, Avadi-829922",16,Haveri,Self,2025-05-04 03:00:00
87,76,Ansh Balakrishnan,Male,44,1955-04-08,9888270536,ansh.balakrishnan782@gmail.com,996054075256,Lawyer,"69/07, Mann Circle, Karawal Nagar 647102",30,Vijayapura,Father,2026-05-14 04:00:00
88,77,Sarthak Sule,Male,51,1977-06-30,9882623709,sarthak.sule570@gmail.com,592686870350,Lawyer,"H.No. 55, De Marg, Kottayam 537147",9,Chikkamagaluru,Father,2025-06-19 01:00:00
89,78,Ekta Chatterjee,Female,72,1953-06-29,9906399892,ekta.chatterjee988@gmail.com,652962561802,Private Employee,"259, Gupta Path, Panchkula-747016",22,Mysuru,Father,2025-01-30 10:00:00
90,79,Kavya Kale,Female,28,1984-05-23,9912838371,kavya.kale805@gmail.com,759048379370,Labourer,"H.No. 79, Mangal Chowk, Moradabad 245650",5,Bengaluru Urban,Neighbour,2025-01-17 18:00:00
91,80,Atharv Hayer,Male,40,1971-08-02,9919466067,atharv.hayer830@gmail.com,023713309471,Lawyer,"87, Mammen Circle, Warangal 655852",25,Shivamogga,Relative,2025-09-01 06:00:00
92,80,Yashoda Ratti,Female,53,1979-07-25,9915105578,yashoda.ratti112@gmail.com,230999513134,Lawyer,"578, Dixit Chowk, Khammam 269495",25,Shivamogga,Relative,2025-09-01 05:00:00
93,81,Netra Soman,Female,44,1997-11-14,9894022651,netra.soman209@gmail.com,103838448653,Business,"16/940, Som, Adoni 097289",11,Dakshina Kannada,Neighbour,2025-01-29 15:00:00
94,82,Falak Kibe,Female,29,1952-05-21,9909264523,falak.kibe936@gmail.com,739191707927,Teacher,"H.No. 756, Sachar Street, Bulandshahr 028385",9,Chikkamagaluru,Relative,2025-09-18 21:00:00
95,82,Zansi Puri,Female,26,1968-10-02,9963214345,zansi.puri696@gmail.com,459657385607,Government Employee,"58/54, Sule, Shahjahanpur-843443",9,Chikkamagaluru,Mother,2025-09-18 19:00:00
96,83,Nathan Srinivasan,Male,54,1970-10-15,9966379402,nathan.srinivasan622@gmail.com,756234661942,Software Engineer,"H.No. 986, Pai Marg, Ramagundam 415747",19,Kolar,Mother,2026-05-01 06:00:00
97,84,Isha Yohannan,Female,37,1966-04-13,9894244463,isha.yohannan407@gmail.com,070318975534,Driver,"H.No. 993, Bedi Ganj, Muzaffarpur 165712",3,Belagavi,Relative,2025-05-08 06:00:00
98,85,Farhan Ray,Male,29,1988-06-04,9966378440,farhan.ray319@gmail.com,278018134285,Police Officer,"34/540, Kata Zila, Akola-206724",10,Chitradurga,Employer,2024-12-29 17:00:00
99,86,Aarna Misra,Female,57,1983-07-02,9905386872,aarna.misra729@gmail.com,563213135544,Lawyer,"H.No. 78, Tak Circle, Dibrugarh 431527",13,Dharwad,Witness,2026-07-13 11:00:00
100,87,Girik Atwal,Male,49,1993-04-13,9891340301,girik.atwal934@gmail.com,356447415720,Retired,"966, Narang Circle, Rewa 227530",9,Chikkamagaluru,Sister,2025-07-25 15:00:00
101,88,Rehaan Keer,Male,67,1976-06-20,9905745525,rehaan.keer475@gmail.com,577424762802,Labourer,"H.No. 99, Lal Nagar, Noida 174268",16,Haveri,Father,2024-09-27 06:00:00
102,89,Daniel Merchant,Male,31,1971-11-16,9987686467,daniel.merchant933@gmail.com,203253722896,Doctor,"727, Prakash, Jamalpur-833918",5,Bengaluru Urban,Relative,2024-08-26 07:00:00
103,90,Pratyush Brahmbhatt,Male,35,2003-10-04,9986711328,pratyush.brahmbhatt502@gmail.com,452446805293,Police Officer,"83/98, Gala Street, Saharsa 139718",14,Gadag,Employer,2024-10-11 08:00:00
104,91,Ayaan Setty,Male,73,1958-03-18,9988096687,ayaan.setty507@gmail.com,242283554360,Labourer,"08/74, Randhawa Nagar, Delhi-910651",30,Vijayapura,Self,2025-10-18 07:00:00
105,92,Bakhshi Sodhi,Male,72,1952-05-25,9884092616,bakhshi.sodhi262@gmail.com,880306606774,Software Engineer,"656, Purohit Chowk, Jodhpur-512868",11,Dakshina Kannada,Self,2026-02-14 06:00:00
106,93,Isaac Aggarwal,Male,48,1994-06-01,9871260689,isaac.aggarwal532@gmail.com,642081323886,Doctor,"86/863, Sharma Ganj, Bhatpara 310690",5,Bengaluru Urban,Father,2025-05-24 20:00:00
107,94,Harshil Bhavsar,Male,57,1956-05-29,9961327964,harshil.bhavsar322@gmail.com,017539312056,Mechanic,"03/06, Kaur Chowk, Pimpri-Chinchwad 843959",11,Dakshina Kannada,Self,2024-09-08 15:00:00
108,95,Kashish Mittal,Female,31,2001-05-19,9916136772,kashish.mittal495@gmail.com,145599918536,Teacher,"H.No. 40, Gill Circle, Miryalaguda-056856",19,Kolar,Self,2025-04-25 07:00:00
109,96,Falan Mital,Male,18,1972-05-23,9892993277,falan.mital533@gmail.com,705623528536,Teacher,"427, Sachar Nagar, Proddatur-634351",5,Bengaluru Urban,Sister,2026-07-12 18:00:00
110,97,Reva Chanda,Female,64,1981-08-16,9982291606,reva.chanda773@gmail.com,717719577117,Software Engineer,"H.No. 69, Baral, Maheshtala-735403",1,Bagalkote,Self,2025-08-08 18:00:00
111,98,Dhriti Srinivas,Female,69,2003-08-06,9902075043,dhriti.srinivas611@gmail.com,811786170800,Private Employee,"854, Shukla Marg, Aizawl-587717",9,Chikkamagaluru,Mother,2026-06-24 00:00:00
112,99,Harsh Prabhakar,Male,72,1968-09-15,9875974347,harsh.prabhakar377@gmail.com,851602504887,Police Officer,"20/489, Sahni, Jamnagar 536937",25,Shivamogga,Father,2026-04-04 20:00:00
113,100,Lavanya Suresh,Female,18,2006-08-13,9892536454,lavanya.suresh891@gmail.com,775719056603,Private Employee,"522, Suresh Circle, Hosur-801006",22,Mysuru,Sister,2024-08-01 19:00:00
114,101,Jack Bir,Male,31,1991-07-29,9919499120,jack.bir337@gmail.com,857390018054,Driver,"75/09, Subramanian, Pune 886008",26,Tumakuru,Sister,2025-12-24 09:00:00
115,102,Mekhala Badal,Female,72,1979-09-08,9899383429,mekhala.badal239@gmail.com,751144592321,Mechanic,"H.No. 182, Handa Ganj, Raichur-615679",30,Vijayapura,Employer,2025-11-26 11:00:00
116,102,Isaiah Mital,Male,31,1990-03-26,9988179302,isaiah.mital939@gmail.com,904472481089,Business,"H.No. 666, Soni Circle, Bangalore 176591",30,Vijayapura,Relative,2025-11-26 09:00:00
117,103,Jyoti Kakar,Female,61,2002-10-31,9969059091,jyoti.kakar761@gmail.com,419830415830,Housewife,"H.No. 148, Bali, Satna-392614",27,Udupi,Mother,2025-08-15 20:00:00
118,104,Kavya Ramachandran,Female,31,1989-10-28,9882416664,kavya.ramachandran663@gmail.com,403467295037,Retired,"21/850, Sarkar Zila, Aurangabad 999650",9,Chikkamagaluru,Neighbour,2025-02-01 07:00:00
119,105,Varenya Swaminathan,Female,54,1963-10-16,9913205082,varenya.swaminathan928@gmail.com,957991628909,Journalist,"961, Merchant, Srinagar-426265",5,Bengaluru Urban,Relative,2025-10-28 15:00:00
120,106,Damyanti Chand,Female,71,1950-11-10,9981237357,damyanti.chand460@gmail.com,955198434022,Shop Keeper,"H.No. 41, Chahal Street, Chinsurah 888610",1,Bagalkote,Self,2024-10-13 10:00:00
121,107,Raagini Chander,Female,57,1985-03-06,9888318801,raagini.chander821@gmail.com,978893931311,Shop Keeper,"H.No. 466, Kibe Zila, Nadiad 244472",22,Mysuru,Friend,2025-06-03 04:00:00
122,108,Fiyaz Saran,Male,63,1966-07-25,9916972513,fiyaz.saran805@gmail.com,210758751386,Journalist,"H.No. 543, Hayre Chowk, Aligarh 406596",19,Kolar,Father,2025-06-16 17:00:00
123,109,Urvi Natt,Female,27,1975-07-14,9897291807,urvi.natt754@gmail.com,730263770441,Shop Keeper,"H.No. 93, Murthy Chowk, Sikar-479356",15,Hassan,Relative,2026-06-11 03:00:00
124,110,Shravya Patla,Female,52,1957-02-28,9901486610,shravya.patla966@gmail.com,002138109939,Student,"80/737, Biswas Road, Panchkula-434266",17,Kalaburagi,Relative,2026-04-16 07:00:00
125,111,Udarsh Srinivas,Male,56,1984-04-29,9901121677,udarsh.srinivas371@gmail.com,620354000864,Student,"H.No. 89, Chopra Zila, Raichur-909656",23,Raichur,Brother,2025-01-29 07:00:00
126,111,Abdul Chaudhari,Male,58,1965-07-25,9899417482,abdul.chaudhari757@gmail.com,518342422076,Government Employee,"H.No. 67, Tella, Hapur-714611",23,Raichur,Witness,2025-01-29 06:00:00
127,112,Priya Muni,Female,66,1970-06-15,9912035969,priya.muni686@gmail.com,840975986617,Lawyer,"H.No. 71, Sethi Chowk, Jabalpur-010512",22,Mysuru,Brother,2025-07-19 12:00:00
128,112,Gagan Dutta,Male,26,1969-10-03,9874949682,gagan.dutta844@gmail.com,903332487654,Doctor,"622, Randhawa Marg, Srikakulam-796603",22,Mysuru,Mother,2025-07-20 03:00:00
129,113,Liam Bhatnagar,Male,24,1984-01-17,9917788826,liam.bhatnagar685@gmail.com,602166083279,Student,"H.No. 37, Lala Zila, Dehri-969691",16,Haveri,Friend,2024-11-30 00:00:00
130,113,Qushi Shankar,Female,37,1986-05-13,9898869237,qushi.shankar892@gmail.com,824612877885,Teacher,"25/134, Goswami Zila, Ajmer 692966",16,Haveri,Sister,2024-11-29 11:00:00
131,114,Widisha Yogi,Female,26,1990-10-11,9988801882,widisha.yogi567@gmail.com,031343962449,Journalist,"42, Murty Street, Udupi-507236",31,Yadgir,Witness,2026-05-13 07:00:00
132,115,Tara Swamy,Female,40,1974-08-31,9888280008,tara.swamy898@gmail.com,986624077096,Student,"190, Master Ganj, Panipat-842797",1,Bagalkote,Brother,2026-04-12 15:00:00
133,115,Deepa Loyal,Female,56,1995-07-07,9989772884,deepa.loyal323@gmail.com,468315683662,Shop Keeper,"78/361, Mishra Ganj, Hospet 517133",1,Bagalkote,Father,2026-04-11 07:00:00
134,116,Upadhriti Gandhi,Female,35,1986-04-18,9963269615,upadhriti.gandhi346@gmail.com,888666769243,Journalist,"H.No. 958, Yohannan Road, North Dumdum-494812",17,Kalaburagi,Employer,2025-02-23 03:00:00
135,117,Ayushman Malhotra,Male,39,2000-11-05,9967664933,ayushman.malhotra274@gmail.com,881012871630,Driver,"253, Suri Marg, Gangtok-667116",7,Chamarajanagar,Sister,2025-10-27 23:00:00
136,118,Raksha Sha,Female,68,2005-09-03,9893541065,raksha.sha735@gmail.com,085832081245,Doctor,"17/518, Kamdar Marg, Rajpur Sonarpur 454589",22,Mysuru,Friend,2025-10-06 06:00:00
137,119,Xavier Oza,Male,67,2002-06-02,9874616027,xavier.oza272@gmail.com,517714444057,Police Officer,"H.No. 701, Sastry Street, Mumbai 324241",10,Chitradurga,Witness,2024-11-10 01:00:00
138,120,Jeremiah Butala,Male,19,1972-02-15,9960728315,jeremiah.butala413@gmail.com,182275389393,Lawyer,"43, Chand Marg, Mumbai-712938",23,Raichur,Relative,2026-01-24 13:00:00
139,120,Aayush Anand,Male,32,1990-11-26,9887175136,aayush.anand138@gmail.com,367650180141,Shop Keeper,"27/136, Chaudry Zila, Satara 426221",23,Raichur,Mother,2026-01-24 17:00:00
140,121,Fitan Sarraf,Male,62,1970-12-04,9966366261,fitan.sarraf950@gmail.com,856274678934,Farmer,"97, Chadha Ganj, Kolhapur-965652",25,Shivamogga,Witness,2025-08-16 11:00:00
141,122,Manya Chad,Female,31,1964-12-13,9969306986,manya.chad252@gmail.com,970796492088,Government Employee,"43/898, Ramanathan Ganj, Meerut 761379",7,Chamarajanagar,Friend,2026-02-04 19:00:00
142,123,Zarna Arora,Female,65,2007-10-19,9870708613,zarna.arora548@gmail.com,927331448644,Software Engineer,"96, Gera Path, Srinagar 910430",10,Chitradurga,Mother,2025-08-09 11:00:00
143,124,Rushil Toor,Male,72,1967-03-05,9881945467,rushil.toor726@gmail.com,068919140237,Engineer,"61/889, Mall Street, Tirupati-832856",13,Dharwad,Employer,2024-07-25 20:00:00
144,125,Mohammed Sarkar,Male,60,1992-11-23,9983570623,mohammed.sarkar792@gmail.com,618860954417,Driver,"161, Bhakta Chowk, Akola-020275",13,Dharwad,Friend,2025-03-14 21:00:00
145,126,Geetika Prabhu,Female,21,1957-12-02,9912642484,geetika.prabhu977@gmail.com,439704058796,Retired,"H.No. 564, Bhatt Circle, Gangtok 778507",18,Kodagu,Brother,2024-08-07 09:00:00
146,126,Raksha Dugar,Female,39,1965-05-09,9898883757,raksha.dugar472@gmail.com,717238925701,Housewife,"800, Konda Nagar, Chittoor 622086",18,Kodagu,Father,2024-08-06 09:00:00
147,127,Oeshi Kothari,Female,57,1974-09-13,9881934771,oeshi.kothari524@gmail.com,066184559075,Journalist,"H.No. 951, Ben Circle, Rajahmundry 617445",29,Vijayanagara,Neighbour,2026-05-24 04:00:00
148,128,Vedant Anand,Male,62,1971-12-15,9911816638,vedant.anand528@gmail.com,997299414772,Retired,"93/759, Hayre Chowk, Saharanpur 603850",16,Haveri,Friend,2026-04-18 21:00:00
149,129,Aadi Puri,Male,30,1999-10-20,9886236969,aadi.puri615@gmail.com,567755976858,Student,"836, Bhasin Chowk, Parbhani 038657",30,Vijayapura,Witness,2026-03-15 04:00:00
150,130,Champak Tiwari,Male,19,1958-04-20,9901617122,champak.tiwari959@gmail.com,072534665263,Mechanic,"90/62, Manne Ganj, Satna-557431",28,Uttara Kannada,Self,2025-03-03 09:00:00
151,131,Ekanta Chopra,Female,42,1959-07-28,9909935026,ekanta.chopra899@gmail.com,842673571714,Teacher,"56, Wason Zila, Dhule-474112",14,Gadag,Mother,2024-09-04 20:00:00
152,132,Anmol Kale,Male,65,1999-01-16,9911022180,anmol.kale577@gmail.com,711309664537,Engineer,"H.No. 356, Bawa Circle, Bhilwara 067883",14,Gadag,Brother,2026-04-17 21:00:00
153,133,Vihaan Chaudry,Male,51,1997-03-08,9877154386,vihaan.chaudry439@gmail.com,327598906496,Driver,"H.No. 032, Rattan Ganj, Guwahati-101372",17,Kalaburagi,Self,2026-06-06 16:00:00
154,134,Oni Das,Female,42,1953-01-12,9989352983,oni.das922@gmail.com,542630097562,Business,"966, Balan Chowk, Purnia-532447",5,Bengaluru Urban,Relative,2024-09-24 17:00:00
155,135,Anay Korpal,Male,31,1988-02-06,9918874806,anay.korpal124@gmail.com,430075522364,Private Employee,"70/14, Devan Marg, Kollam-806578",8,Chikkaballapur,Father,2025-07-08 02:00:00
156,136,Orinder Thakkar,Male,59,1969-03-18,9966757091,orinder.thakkar905@gmail.com,662938012778,Doctor,"H.No. 593, Mand Nagar, Chittoor 932133",22,Mysuru,Sister,2024-09-11 19:00:00
157,137,Baghyawati Kanda,Female,18,1983-12-13,9918105350,baghyawati.kanda315@gmail.com,793465128117,Retired,"239, Parmer Path, Nagercoil-937842",13,Dharwad,Neighbour,2026-01-22 04:00:00
158,138,Anirudh Chana,Male,36,1953-10-24,9960074316,anirudh.chana202@gmail.com,201436615891,Driver,"70/59, De Ganj, Belgaum-002921",10,Chitradurga,Brother,2026-01-26 21:00:00
159,139,Bina Prakash,Female,35,1991-06-03,9983634474,bina.prakash211@gmail.com,168815280005,Journalist,"H.No. 45, Dugar Street, Morbi-289539",3,Belagavi,Employer,2024-10-24 02:00:00
160,140,Saanvi Mohanty,Female,67,1993-02-16,9912028561,saanvi.mohanty501@gmail.com,277245356886,Engineer,"096, Bali, Madanapalle 939172",9,Chikkamagaluru,Mother,2025-07-01 11:00:00
161,141,Brinda Khanna,Female,28,1970-09-03,9885581790,brinda.khanna879@gmail.com,403029344093,Engineer,"15/704, Krish Ganj, Etawah 100676",26,Tumakuru,Sister,2025-08-24 22:00:00
162,141,Triveni Tailor,Female,55,2001-09-13,9915335802,triveni.tailor328@gmail.com,538446511062,Lawyer,"H.No. 793, Seth Street, Visakhapatnam 054115",26,Tumakuru,Friend,2025-08-23 12:00:00
163,142,Raghav Dyal,Male,60,1993-01-05,9884316456,raghav.dyal520@gmail.com,005160502195,Student,"97/06, Saraf Street, Meerut 533688",17,Kalaburagi,Sister,2025-01-31 13:00:00
164,143,Lohit Mishra,Male,31,1964-05-02,9906442415,lohit.mishra885@gmail.com,162734523128,Housewife,"87/20, Aggarwal Path, Chandigarh 973103",9,Chikkamagaluru,Mother,2026-04-14 09:00:00
165,143,Madhav Bumb,Male,29,1978-01-09,9909585706,madhav.bumb717@gmail.com,509644864947,Journalist,"77, Chand Road, Udaipur 652704",9,Chikkamagaluru,Employer,2026-04-13 23:00:00
166,144,Viraj Lall,Male,45,1963-09-05,9882790552,viraj.lall105@gmail.com,775106633162,Housewife,"115, Sachdev Circle, Begusarai 686879",26,Tumakuru,Employer,2025-05-25 11:00:00
167,145,Vyanjana Mistry,Female,57,1955-02-19,9899325515,vyanjana.mistry595@gmail.com,233778674612,Police Officer,"H.No. 722, Hans Ganj, Kalyan-Dombivli 163294",2,Ballari,Witness,2024-12-24 02:00:00
168,146,Bahadurjit Chahal,Male,28,1973-01-24,9909001940,bahadurjit.chahal327@gmail.com,367946290714,Business,"H.No. 87, Virk Nagar, Gorakhpur-229991",1,Bagalkote,Witness,2025-08-15 01:00:00
169,147,Daksha Mangal,Female,30,2000-11-14,9877566636,daksha.mangal261@gmail.com,023642079575,Government Employee,"H.No. 67, Solanki, Malegaon 629960",13,Dharwad,Friend,2026-01-01 14:00:00
170,148,Oni Khanna,Female,32,1953-06-01,9919440155,oni.khanna615@gmail.com,298988569577,Labourer,"H.No. 05, Mukhopadhyay Road, Pallavaram-324754",18,Kodagu,Employer,2024-12-16 06:00:00
171,149,Chaitanya Guha,Male,48,1976-03-05,9872372784,chaitanya.guha461@gmail.com,508206809438,Lawyer,"50/82, Mukhopadhyay Zila, Bhavnagar-233030",27,Udupi,Brother,2025-03-05 18:00:00
172,150,Arya Patel,Female,65,1991-06-05,9882222883,arya.patel897@gmail.com,196667504649,Electrician,"86, Balasubramanian Zila, Serampore 972798",18,Kodagu,Neighbour,2026-07-11 13:00:00
173,151,Orinder Gade,Male,66,1999-02-21,9912250745,orinder.gade614@gmail.com,387415306313,Lawyer,"H.No. 06, Gaba Nagar, Korba 346800",24,Ramanagara,Witness,2025-11-03 17:00:00
174,152,Ekaja Ghose,Female,33,1985-06-04,9894634273,ekaja.ghose974@gmail.com,445968785818,Doctor,"H.No. 94, Sampath Road, Karnal 437489",16,Haveri,Neighbour,2025-06-06 00:00:00
175,153,Charan Amble,Male,29,1980-03-23,9904985773,charan.amble675@gmail.com,800122807235,Government Employee,"H.No. 17, Nayar Zila, Anantapur 443283",13,Dharwad,Self,2025-07-31 17:00:00
176,154,Tamanna Nagarajan,Female,25,1990-01-15,9898915617,tamanna.nagarajan463@gmail.com,357406498694,Journalist,"H.No. 46, Rama Marg, Ballia 538758",14,Gadag,Relative,2024-10-19 16:00:00
177,155,Frederick Golla,Male,23,1967-08-06,9883367638,frederick.golla899@gmail.com,835941076970,Private Employee,"48/251, Pant Ganj, Aizawl-554947",21,Mandya,Father,2025-01-01 11:00:00
178,156,Wahab Bera,Male,22,2000-10-22,9905037021,wahab.bera770@gmail.com,932741510398,Retired,"816, Misra Circle, Meerut 235697",10,Chitradurga,Sister,2025-03-25 06:00:00
179,157,Nisha Gole,Female,26,1995-09-26,9965547846,nisha.gole646@gmail.com,335843230883,Retired,"25/007, Kadakia Road, Gangtok-712966",29,Vijayanagara,Self,2025-09-21 07:00:00
180,158,Upadhriti Sood,Female,66,1972-10-15,9902775751,upadhriti.sood674@gmail.com,427682065766,Mechanic,"50/583, Agrawal Nagar, Kamarhati 421689",5,Bengaluru Urban,Witness,2025-01-05 18:00:00
181,159,Geetika Bhattacharyya,Female,44,1998-05-05,9888126626,geetika.bhattacharyya292@gmail.com,319092140002,Mechanic,"89, Nazareth Circle, Guntur 753260",2,Ballari,Neighbour,2024-12-30 03:00:00
182,160,Jasmit Deep,Female,47,1962-10-22,9967389070,jasmit.deep581@gmail.com,182309739291,Software Engineer,"H.No. 506, Warrior Road, Hindupur 100167",3,Belagavi,Witness,2024-09-14 00:00:00
183,161,David Krishnan,Male,48,1978-01-27,9906336095,david.krishnan359@gmail.com,423069240753,Student,"04/618, Devan Road, Vasai-Virar-411739",6,Bidar,Self,2025-10-21 16:00:00
184,162,Lekha Virk,Female,62,2006-12-31,9911724639,lekha.virk877@gmail.com,606771297784,Student,"H.No. 20, Taneja Circle, Ongole 300119",22,Mysuru,Relative,2025-01-04 13:00:00
185,163,Falguni Chana,Female,64,1995-10-09,9882075545,falguni.chana656@gmail.com,372895012230,Engineer,"H.No. 37, Lalla Road, Dhanbad 204556",5,Bengaluru Urban,Relative,2026-05-08 17:00:00
186,164,Champak Bath,Male,74,1951-02-12,9876363098,champak.bath294@gmail.com,545636150818,Software Engineer,"H.No. 57, Loyal, Serampore-216674",7,Chamarajanagar,Neighbour,2026-04-03 13:00:00
187,165,William Sama,Male,24,1988-03-10,9875865723,william.sama720@gmail.com,709698463788,Farmer,"021, Subramanian Marg, Bokaro-590277",18,Kodagu,Employer,2024-09-13 22:00:00
188,166,Tripti Sastry,Female,51,1953-03-22,9877802512,tripti.sastry494@gmail.com,152617416346,Lawyer,"H.No. 899, Nigam Ganj, Bhiwani 756289",22,Mysuru,Mother,2025-01-10 07:00:00
189,167,Aashi Dugar,Female,50,1979-11-18,9896559959,aashi.dugar965@gmail.com,374765279294,Student,"175, Narayanan Ganj, Dhanbad-866317",22,Mysuru,Self,2025-11-18 02:00:00
190,168,Vanya Chakrabarti,Female,56,2000-03-28,9875933280,vanya.chakrabarti941@gmail.com,989555041282,Mechanic,"H.No. 701, Sachar Marg, Proddatur-199488",2,Ballari,Father,2024-12-25 17:00:00
191,169,Vasatika Om,Female,54,1971-08-19,9887771865,vasatika.om197@gmail.com,537500738488,Nurse,"58, Solanki, Bidhannagar 130554",24,Ramanagara,Self,2024-10-26 15:00:00
192,170,Damyanti Bath,Female,21,2002-07-30,9895353616,damyanti.bath502@gmail.com,975047134752,Engineer,"61/493, Dara Ganj, Thrissur-351609",4,Bengaluru Rural,Relative,2026-05-29 02:00:00
193,171,Umang Shankar,Male,66,1988-09-30,9884135595,umang.shankar348@gmail.com,073906433503,Nurse,"H.No. 808, Subramanian Marg, Adoni-216995",7,Chamarajanagar,Neighbour,2025-09-07 23:00:00
194,172,Shaurya Kothari,Male,46,1966-06-05,9879261707,shaurya.kothari348@gmail.com,998806140252,Electrician,"22, Vala Marg, Motihari 833394",5,Bengaluru Urban,Witness,2025-06-29 10:00:00
195,173,Ekaja Gokhale,Female,57,1979-10-13,9969663952,ekaja.gokhale161@gmail.com,276060328680,Private Employee,"H.No. 87, Sahni, Bhusawal 810620",22,Mysuru,Brother,2026-02-10 18:00:00
196,173,Irya Loke,Female,50,1994-01-25,9960385154,irya.loke829@gmail.com,025331336295,Electrician,"42/043, Bali Circle, Bidhannagar-983863",22,Mysuru,Relative,2026-02-09 04:00:00
197,174,Arjun Raj,Male,53,1973-01-13,9892331756,arjun.raj993@gmail.com,622199352158,Mechanic,"H.No. 439, Kar Chowk, Giridih 347212",13,Dharwad,Witness,2026-02-25 09:00:00
198,175,Darpan Purohit,Male,45,1952-11-29,9981993591,darpan.purohit425@gmail.com,810399378671,Software Engineer,"294, Narayanan Nagar, Bhatpara 259094",31,Yadgir,Mother,2024-12-07 13:00:00
199,175,Praneel Bora,Male,19,1996-01-12,9989666520,praneel.bora181@gmail.com,645673841107,Electrician,"818, Sagar Street, Tiruchirappalli 335554",31,Yadgir,Relative,2024-12-07 01:00:00
200,176,Wazir Andra,Male,65,1957-03-18,9969709984,wazir.andra432@gmail.com,884768739556,Farmer,"993, Nagi Nagar, Raipur 484085",5,Bengaluru Urban,Witness,2024-10-02 22:00:00
201,177,Yagnesh Bassi,Male,46,1967-10-01,9908095375,yagnesh.bassi628@gmail.com,791487212969,Labourer,"11/28, Amble Circle, Bhagalpur-613861",22,Mysuru,Father,2025-05-30 06:00:00
202,178,Advik Sharaf,Male,29,1992-02-19,9985853304,advik.sharaf829@gmail.com,880367170760,Private Employee,"H.No. 024, Bobal Circle, Rampur 676650",5,Bengaluru Urban,Witness,2025-05-25 22:00:00
203,179,Daniel Warrior,Male,42,1950-11-24,9913795618,daniel.warrior283@gmail.com,703792189070,Shop Keeper,"15/814, Chadha Road, Bahraich 607283",3,Belagavi,Witness,2025-06-26 08:00:00
204,180,Rohan Merchant,Male,56,2006-03-31,9902544062,rohan.merchant660@gmail.com,268210310563,Farmer,"50/882, Barman Zila, Chapra-881435",26,Tumakuru,Father,2025-12-30 06:00:00
205,181,Triveni Vala,Female,29,1958-10-26,9886665714,triveni.vala692@gmail.com,307388780418,Engineer,"43/12, Bhagat, Jamalpur-414139",18,Kodagu,Relative,2025-11-20 22:00:00
206,182,Noah Parikh,Male,62,1957-12-29,9886176946,noah.parikh907@gmail.com,926359315564,Nurse,"H.No. 91, Nadkarni Ganj, Hospet-949299",22,Mysuru,Brother,2026-07-02 12:00:00
207,183,Nisha Sangha,Female,30,1960-05-03,9871477264,nisha.sangha146@gmail.com,356022735306,Private Employee,"645, Narula Street, Surendranagar Dudhrej 547812",6,Bidar,Employer,2024-10-02 22:00:00
208,184,Logan Dey,Male,71,2002-04-03,9881894401,logan.dey259@gmail.com,685374782735,Journalist,"11/080, Ravel, Vadodara-887256",30,Vijayapura,Friend,2025-05-09 14:00:00
209,184,Mohini Desai,Female,22,1977-07-05,9882096853,mohini.desai709@gmail.com,173872083835,Software Engineer,"H.No. 80, Gandhi Ganj, Amroha 299275",30,Vijayapura,Friend,2025-05-09 12:00:00
210,185,Imaran Sura,Male,67,1963-12-31,9889404519,imaran.sura850@gmail.com,833709592038,Student,"038, Rama Path, Malda 051844",22,Mysuru,Sister,2025-03-25 08:00:00
211,186,Raghav Radhakrishnan,Male,61,1971-09-29,9985040563,raghav.radhakrishnan691@gmail.com,762225762119,Engineer,"38, Pandit Marg, Morbi 908272",23,Raichur,Father,2026-04-06 12:00:00
212,187,Balvan Varkey,Male,52,1987-11-18,9895298513,balvan.varkey446@gmail.com,500903037866,Nurse,"259, Karpe Zila, Bathinda-777392",1,Bagalkote,Friend,2025-01-19 05:00:00
213,188,Alka Kohli,Female,39,1953-01-22,9981780975,alka.kohli195@gmail.com,894467422869,Lawyer,"80/920, Kuruvilla Street, Hazaribagh-990413",17,Kalaburagi,Friend,2024-12-08 02:00:00
214,189,Vrishti Subramaniam,Female,47,1960-06-13,9900434176,vrishti.subramaniam230@gmail.com,547150345221,Private Employee,"29/84, Oommen Street, Kavali-366210",1,Bagalkote,Father,2025-06-12 07:00:00
215,190,Yutika Thaman,Female,31,1990-04-02,9986495361,yutika.thaman785@gmail.com,095454581901,Private Employee,"799, Wali Nagar, Tiruchirappalli-298068",31,Yadgir,Friend,2025-05-24 15:00:00
216,191,Reva Bassi,Female,59,1991-01-08,9960215787,reva.bassi776@gmail.com,153516359394,Teacher,"65, Chaudhari, Guntur-731498",10,Chitradurga,Employer,2025-02-09 23:00:00
217,192,Kabir Gulati,Male,57,1950-11-15,9914123507,kabir.gulati940@gmail.com,912045674421,Business,"06/35, Pathak Marg, Bhatpara 944869",17,Kalaburagi,Witness,2025-01-19 09:00:00
218,193,Manya Ranganathan,Female,71,1994-05-07,9898196100,manya.ranganathan838@gmail.com,869118886964,Retired,"588, Kulkarni Chowk, Gangtok-621372",5,Bengaluru Urban,Neighbour,2026-05-20 04:00:00
219,194,Jalsa Trivedi,Female,40,1973-10-15,9881658254,jalsa.trivedi659@gmail.com,500435907587,Labourer,"601, Sinha Street, Hubli–Dharwad 435190",13,Dharwad,Witness,2025-06-07 18:00:00
220,195,Sai Verma,Male,51,1967-03-04,9910479067,sai.verma419@gmail.com,695049533921,Nurse,"77/038, Hayer Road, Khora  920530",8,Chikkaballapur,Sister,2026-04-06 21:00:00
221,195,Chameli Majumdar,Female,21,1995-10-12,9964109862,chameli.majumdar184@gmail.com,107262276976,Lawyer,"93, Aurora Circle, Mysore 895543",8,Chikkaballapur,Sister,2026-04-06 00:00:00
222,196,Utkarsh Raval,Male,49,1983-11-26,9887830191,utkarsh.raval607@gmail.com,743671580280,Private Employee,"81, Bora Circle, Mau 848947",3,Belagavi,Neighbour,2025-08-25 06:00:00
223,197,Warhi Kohli,Female,48,1994-06-29,9969926325,warhi.kohli545@gmail.com,094696096949,Police Officer,"07/14, Raja Zila, Berhampur-658804",13,Dharwad,Sister,2024-08-28 18:00:00
224,198,Mitali Chander,Female,69,1973-09-11,9872546267,mitali.chander632@gmail.com,361568001422,Farmer,"27/55, Luthra Ganj, Jhansi 333433",18,Kodagu,Self,2026-07-13 13:00:00
225,199,Jeet Parekh,Male,21,1959-08-09,9916896718,jeet.parekh233@gmail.com,376811126049,Police Officer,"H.No. 790, Basak Circle, Serampore 794728",22,Mysuru,Sister,2026-03-19 04:00:00
226,200,Rushil Kapadia,Male,67,1994-01-25,9872039281,rushil.kapadia171@gmail.com,496141726971,Teacher,"67/80, Palan Circle, Akola-187500",13,Dharwad,Employer,2026-06-21 05:00:00
227,201,Sachi Chaudhuri,Female,67,1969-06-07,9900460031,sachi.chaudhuri437@gmail.com,955944877509,Software Engineer,"43/47, Oza, Udaipur 636556",24,Ramanagara,Employer,2026-05-22 07:00:00
228,202,Varenya Gole,Female,39,1983-09-13,9963096383,varenya.gole961@gmail.com,476103168630,Labourer,"43/866, Dhingra Ganj, Bhalswa Jahangir Pur-267288",24,Ramanagara,Brother,2026-03-27 17:00:00
229,203,Yagnesh Mital,Male,20,1965-02-10,9880923764,yagnesh.mital954@gmail.com,890337426598,Doctor,"H.No. 203, Soni Road, Hospet 455884",15,Hassan,Employer,2024-11-21 11:00:00
230,204,Advaith Sabharwal,Male,22,1957-08-03,9877409626,advaith.sabharwal114@gmail.com,103741581472,Housewife,"H.No. 55, Sura Circle, Vijayawada-947225",26,Tumakuru,Friend,2025-07-08 13:00:00
231,205,Tanmayi Bora,Female,38,1955-02-22,9879518775,tanmayi.bora443@gmail.com,027131251763,Student,"H.No. 54, Rana Road, Raiganj 987622",11,Dakshina Kannada,Neighbour,2024-12-24 11:00:00
232,206,Dev Keer,Male,18,1988-12-14,9871068487,dev.keer808@gmail.com,112421657608,Government Employee,"611, Solanki Zila, Indore 811492",25,Shivamogga,Relative,2025-05-08 20:00:00
233,207,Robert More,Male,53,1963-11-10,9881996895,robert.more575@gmail.com,762176941606,Business,"22/820, Parikh Nagar, Fatehpur 848728",5,Bengaluru Urban,Relative,2024-09-03 19:00:00
234,208,Vasatika Saran,Female,39,1980-12-01,9918707917,vasatika.saran596@gmail.com,502454782122,Business,"83, Sathe Zila, Ambarnath 424008",22,Mysuru,Relative,2025-04-23 03:00:00
235,209,Orinder Mangat,Male,22,1977-10-08,9905042613,orinder.mangat568@gmail.com,769216018413,Nurse,"40, Master Marg, Chennai 368663",22,Mysuru,Mother,2026-07-03 19:00:00
236,210,Robert Radhakrishnan,Male,54,1963-05-09,9918084958,robert.radhakrishnan385@gmail.com,048242999840,Engineer,"38/944, Luthra Circle, Maheshtala 224179",2,Ballari,Self,2025-01-31 07:00:00
237,211,Madhavi Swamy,Female,51,1961-06-13,9904784250,madhavi.swamy849@gmail.com,423290614559,Doctor,"H.No. 802, Manda Zila, Cuttack 031207",20,Koppal,Relative,2026-02-09 06:00:00
238,212,Onveer Salvi,Male,68,1968-08-17,9983468083,onveer.salvi133@gmail.com,276652663959,Farmer,"05, Dhingra Zila, Shimoga-187234",23,Raichur,Father,2025-06-17 00:00:00
239,213,Abha Dara,Female,41,2007-01-31,9906315072,abha.dara442@gmail.com,214959272326,Farmer,"30, Sharma Ganj, Saharsa-764520",1,Bagalkote,Father,2025-05-24 18:00:00
240,214,Lajita Srivastava,Female,40,1987-08-05,9904517652,lajita.srivastava735@gmail.com,366981803190,Electrician,"H.No. 313, Nair Marg, Rourkela-916300",3,Belagavi,Father,2026-06-13 11:00:00
241,215,Faras Prabhu,Male,49,1995-04-07,9888562951,faras.prabhu455@gmail.com,470108853567,Journalist,"19, Bhasin Path, Raurkela Industrial Township-812735",5,Bengaluru Urban,Witness,2026-07-11 08:00:00
242,215,Urvashi Hans,Female,47,1951-10-18,9895837232,urvashi.hans965@gmail.com,034197298661,Software Engineer,"24/077, Menon Circle, Jhansi-855749",5,Bengaluru Urban,Self,2026-07-10 16:00:00
243,216,Bhavya Wali,Female,54,1959-07-20,9884327691,bhavya.wali559@gmail.com,513944143079,Mechanic,"57/08, Goyal Marg, Udupi 935186",3,Belagavi,Neighbour,2025-08-27 22:00:00
244,217,Zaitra Tank,Female,66,1994-12-21,9916779314,zaitra.tank141@gmail.com,153484006529,Business,"H.No. 65, Char Zila, Varanasi-203173",16,Haveri,Self,2025-12-23 18:00:00
245,217,Amol Rama,Male,52,1988-09-19,9984605136,amol.rama157@gmail.com,931833239807,Housewife,"H.No. 39, Arya Zila, Pallavaram 705865",16,Haveri,Neighbour,2025-12-24 05:00:00
246,218,Lila Wadhwa,Female,28,1952-11-30,9987874851,lila.wadhwa410@gmail.com,489097049457,Business,"H.No. 381, Kashyap Zila, Jhansi 839288",11,Dakshina Kannada,Mother,2024-11-12 09:00:00
247,219,Damyanti Parmar,Female,36,1989-09-05,9914835472,damyanti.parmar910@gmail.com,029846844621,Shop Keeper,"286, Nazareth Circle, Deoghar-558556",9,Chikkamagaluru,Father,2025-02-22 18:00:00
248,220,Ojasvi Khosla,Female,55,1983-03-22,9905864615,ojasvi.khosla689@gmail.com,025146303690,Engineer,"45/77, Acharya Marg, Anantapuram-824043",10,Chitradurga,Father,2026-06-21 19:00:00
249,221,Nakul Bains,Male,67,1995-04-22,9961075886,nakul.bains408@gmail.com,263531127491,Doctor,"H.No. 075, Devi Street, Ambarnath 344196",18,Kodagu,Witness,2025-09-13 14:00:00
250,222,Balvan Nair,Male,71,1996-07-18,9887569877,balvan.nair921@gmail.com,140894338857,Lawyer,"91/940, Raj, Pimpri-Chinchwad-566139",3,Belagavi,Sister,2025-08-18 22:00:00
251,223,Rayaan Bhagat,Male,65,1968-03-26,9981166329,rayaan.bhagat535@gmail.com,670770175012,Mechanic,"92/58, Dua Ganj, Singrauli 998136",23,Raichur,Self,2026-01-13 05:00:00
252,224,Ronith Divan,Male,68,1958-03-23,9879291308,ronith.divan384@gmail.com,931572505021,Lawyer,"08/64, Rastogi Zila, Bikaner 783769",1,Bagalkote,Witness,2024-09-02 19:00:00
253,225,Jatin Kibe,Male,64,1954-09-17,9879984616,jatin.kibe209@gmail.com,133221911177,Farmer,"91/166, Pall Path, Pondicherry-904259",31,Yadgir,Father,2025-09-18 12:00:00
254,226,Eta Sastry,Female,49,1953-02-27,9873476824,eta.sastry975@gmail.com,488893066356,Doctor,"52/110, Divan Ganj, Kanpur-147705",16,Haveri,Relative,2025-07-21 08:00:00
255,227,Jagvi Jani,Female,62,1982-04-01,9919781312,jagvi.jani964@gmail.com,918727527644,Private Employee,"20/69, Bassi Circle, Tirunelveli 439407",9,Chikkamagaluru,Neighbour,2026-03-31 15:00:00
256,228,Bhavna Rama,Female,27,1988-11-09,9984142907,bhavna.rama950@gmail.com,069361600777,Mechanic,"H.No. 463, Trivedi Marg, Satna 981238",17,Kalaburagi,Neighbour,2024-11-14 13:00:00
257,229,Alka Baral,Female,50,1964-11-27,9895850798,alka.baral221@gmail.com,333405837417,Software Engineer,"62, Palan Nagar, Raichur 384046",22,Mysuru,Employer,2026-06-16 08:00:00
258,230,Meera Kar,Female,60,1959-05-10,9916548534,meera.kar486@gmail.com,639300837083,Housewife,"H.No. 689, Sahni Ganj, Chapra-649578",23,Raichur,Friend,2024-09-19 07:00:00
259,230,Ishanvi Devi,Female,44,1984-04-04,9890223068,ishanvi.devi217@gmail.com,303485926593,Police Officer,"H.No. 82, Dhillon Marg, Ratlam-881252",23,Raichur,Employer,2024-09-20 01:00:00
260,231,Nathaniel Sachdev,Male,69,2006-04-22,9901635736,nathaniel.sachdev472@gmail.com,926908222586,Journalist,"42/312, Bal Street, Medininagar 933051",2,Ballari,Father,2024-12-04 06:00:00
261,232,Ekani Thakkar,Female,35,1999-08-20,9875543085,ekani.thakkar407@gmail.com,452464710785,Labourer,"677, Gade Street, Kamarhati-604633",14,Gadag,Sister,2025-09-25 14:00:00
262,233,Bhavini Goel,Female,54,2004-04-30,9966531163,bhavini.goel545@gmail.com,489682216221,Driver,"57/366, Rai Nagar, Singrauli-817703",18,Kodagu,Sister,2025-11-22 02:00:00
263,234,Anusha Ram,Female,49,1980-06-29,9919492207,anusha.ram384@gmail.com,618940806894,Teacher,"H.No. 76, Mangal Road, Rourkela 490827",5,Bengaluru Urban,Relative,2025-01-10 00:00:00
264,235,Chakradev Tella,Male,33,1957-02-13,9875516575,chakradev.tella608@gmail.com,821835372411,Labourer,"57, Gola Nagar, Gudivada-714521",2,Ballari,Relative,2024-10-18 18:00:00
265,236,Deepa Sengupta,Female,73,1987-05-02,9910561542,deepa.sengupta384@gmail.com,893780968696,Driver,"89/268, Bassi Marg, Thanjavur 222064",5,Bengaluru Urban,Sister,2026-04-27 19:00:00
266,237,Vansha Mani,Female,37,1986-11-22,9969381883,vansha.mani502@gmail.com,993972814386,Electrician,"094, Shanker Nagar, Panchkula 973397",17,Kalaburagi,Father,2025-01-17 03:00:00
267,238,Tara Sathe,Female,48,1955-03-01,9964878886,tara.sathe618@gmail.com,047536761460,Mechanic,"49/83, Goyal Nagar, Pimpri-Chinchwad 020994",3,Belagavi,Friend,2025-09-24 13:00:00
268,239,Caleb Bawa,Male,25,1956-11-14,9882776154,caleb.bawa427@gmail.com,481153203338,Driver,"49/998, Shah Street, Vadodara-455616",17,Kalaburagi,Self,2025-10-13 13:00:00
269,240,Madhav Sinha,Male,53,1958-05-12,9966204280,madhav.sinha732@gmail.com,420391749461,Business,"68/33, Bhardwaj, Aurangabad 794695",24,Ramanagara,Brother,2025-05-22 22:00:00
270,241,Zansi Pandya,Female,36,2004-04-30,9964186926,zansi.pandya528@gmail.com,170924256048,Private Employee,"29, Mannan Ganj, Mumbai-071396",25,Shivamogga,Brother,2025-09-17 21:00:00
271,242,Aradhana Nath,Female,63,1970-11-02,9907200329,aradhana.nath720@gmail.com,995702633395,Lawyer,"34/414, Toor Road, Chennai-556990",3,Belagavi,Sister,2025-08-05 14:00:00
272,243,Gunbir Narayanan,Male,50,1998-12-02,9909813511,gunbir.narayanan145@gmail.com,949234928954,Police Officer,"H.No. 272, Yadav Chowk, Surendranagar Dudhrej-084958",11,Dakshina Kannada,Neighbour,2026-05-27 11:00:00
273,244,Hemang Narula,Male,53,1996-12-06,9989641014,hemang.narula267@gmail.com,749903744881,Business,"405, Warrior Marg, Aurangabad 291450",11,Dakshina Kannada,Sister,2024-12-17 06:00:00
274,245,Samuel Chadha,Male,71,1979-05-22,9887856290,samuel.chadha885@gmail.com,540768066359,Doctor,"43, Mittal Circle, Gorakhpur-031780",22,Mysuru,Self,2025-12-21 21:00:00
275,246,Zashil Dube,Male,47,1961-08-03,9987462630,zashil.dube737@gmail.com,937795206300,Private Employee,"H.No. 21, Deo Circle, Vadodara-681040",6,Bidar,Father,2025-01-12 15:00:00
276,247,Osha Sibal,Female,34,2002-02-17,9882730234,osha.sibal762@gmail.com,761448361685,Labourer,"H.No. 943, Iyer Path, Baranagar 857142",1,Bagalkote,Relative,2025-05-05 08:00:00
277,248,Mahika Contractor,Female,35,1951-06-11,9916043160,mahika.contractor625@gmail.com,342614652494,Doctor,"58/54, Mander Street, Tirunelveli 495870",26,Tumakuru,Sister,2025-11-19 10:00:00
278,249,Akshay Sinha,Male,51,2002-12-13,9902000140,akshay.sinha776@gmail.com,783570747804,Mechanic,"01, Ramanathan Marg, Kavali 954538",25,Shivamogga,Friend,2025-02-25 22:00:00
279,250,Vidhi Deep,Female,66,1955-12-12,9964839820,vidhi.deep718@gmail.com,264030644677,Nurse,"47, Kata Chowk, Asansol-562557",20,Koppal,Employer,2025-03-08 20:00:00
280,251,Amruta Bhattacharyya,Female,62,1978-02-15,9969680118,amruta.bhattacharyya812@gmail.com,982664671344,Software Engineer,"24, Datta Path, Machilipatnam 581487",21,Mandya,Mother,2026-01-16 02:00:00
281,252,Samuel Khare,Male,65,1986-07-27,9964404228,samuel.khare501@gmail.com,006798755244,Nurse,"15, Sankar Ganj, Tezpur-832197",16,Haveri,Neighbour,2024-09-14 14:00:00
282,253,Vincent Nanda,Male,63,1982-10-02,9875430844,vincent.nanda606@gmail.com,664417445569,Labourer,"H.No. 61, Chopra, Khammam-013290",22,Mysuru,Mother,2025-06-19 22:00:00
283,254,Falguni Sethi,Female,64,1981-05-15,9963496349,falguni.sethi265@gmail.com,627611614932,Student,"354, Modi, Hapur-909862",24,Ramanagara,Friend,2026-07-12 04:00:00
284,255,Bhavani Pingle,Female,40,2002-10-27,9961880046,bhavani.pingle223@gmail.com,549777588861,Labourer,"85/140, Sankaran Ganj, Ratlam 666832",22,Mysuru,Neighbour,2026-07-11 04:00:00
285,256,Ekaraj Guha,Male,24,1982-10-09,9986798016,ekaraj.guha991@gmail.com,237774813812,Student,"422, Bora Nagar, Asansol 621267",15,Hassan,Brother,2024-09-15 03:00:00
286,257,Hemangini Sha,Female,39,1980-02-07,9895037361,hemangini.sha871@gmail.com,571498956947,Engineer,"H.No. 32, Amble Marg, Patiala-689500",12,Davanagere,Father,2024-12-25 22:00:00
287,258,Qarin Chowdhury,Male,39,1984-03-18,9894743091,qarin.chowdhury688@gmail.com,067652465379,Electrician,"84/781, Chakrabarti Circle, Chittoor 894905",25,Shivamogga,Witness,2025-01-30 01:00:00
288,259,Wahab Setty,Male,62,1980-04-16,9904257668,wahab.setty900@gmail.com,678053785525,Engineer,"54, Ganesh Road, Kavali-940792",5,Bengaluru Urban,Friend,2026-05-26 20:00:00
289,259,Madhav Bala,Male,19,1967-03-12,9878528345,madhav.bala849@gmail.com,036306127498,Journalist,"14/42, Mand, Bardhaman 192927",5,Bengaluru Urban,Witness,2026-05-27 14:00:00
290,260,Gagan Lal,Male,40,1995-12-11,9892776752,gagan.lal435@gmail.com,517414404120,Engineer,"805, Dhillon Zila, Shimla-637239",26,Tumakuru,Relative,2026-04-20 20:00:00
291,261,Avni Lalla,Female,73,1994-05-17,9895696974,avni.lalla266@gmail.com,117178124793,Nurse,"767, Soni Road, Nadiad 742860",29,Vijayanagara,Relative,2026-04-17 08:00:00
292,262,Udarsh Raja,Male,25,1989-11-28,9895013934,udarsh.raja910@gmail.com,174932170500,Journalist,"56/94, Madan Path, Navi Mumbai 967393",20,Koppal,Sister,2025-04-16 07:00:00
293,263,Hemangini Munshi,Female,75,1982-04-27,9897476754,hemangini.munshi560@gmail.com,617066393064,Teacher,"H.No. 618, Sehgal Zila, Muzaffarnagar 430091",25,Shivamogga,Mother,2024-11-14 18:00:00
294,264,Ikbal Dara,Male,54,1991-08-17,9967751516,ikbal.dara690@gmail.com,795750659228,Labourer,"26/92, Gour Zila, Durg 174654",13,Dharwad,Father,2026-03-17 14:00:00
295,265,Bina Malhotra,Female,43,1995-08-18,9910804483,bina.malhotra363@gmail.com,095217196091,Farmer,"H.No. 04, Gokhale Road, Coimbatore-396271",25,Shivamogga,Sister,2025-12-13 22:00:00
296,266,Upasna Kamdar,Female,24,1986-03-02,9891829802,upasna.kamdar711@gmail.com,547310444428,Retired,"41/011, Krishna, Surat 200642",5,Bengaluru Urban,Employer,2025-10-07 18:00:00
297,267,Rohan Aggarwal,Male,33,1980-06-13,9985734062,rohan.aggarwal245@gmail.com,397549404829,Farmer,"61, Kara Circle, Yamunanagar-198554",27,Udupi,Neighbour,2026-07-04 01:00:00
298,268,Baghyawati Chana,Female,56,1971-10-01,9898336550,baghyawati.chana856@gmail.com,500687982588,Electrician,"43, Baral Street, Jhansi 615717",3,Belagavi,Neighbour,2025-11-06 22:00:00
299,269,Ekiya Banik,Female,33,1961-10-03,9969345066,ekiya.banik102@gmail.com,600156430865,Labourer,"18, Tata Road, Pune-505061",19,Kolar,Father,2024-07-30 19:00:00
300,270,Yutika Shanker,Female,70,2005-01-30,9908317604,yutika.shanker297@gmail.com,420293063724,Farmer,"H.No. 027, Sinha Nagar, Latur-020417",6,Bidar,Sister,2026-03-05 00:00:00
301,271,Bhavika Cherian,Female,75,1957-03-06,9967218385,bhavika.cherian605@gmail.com,117661571988,Electrician,"656, Dara Path, Pondicherry-092511",14,Gadag,Brother,2025-02-25 23:00:00
302,272,Ekavir Sagar,Male,62,1960-04-21,9965254969,ekavir.sagar153@gmail.com,838415450709,Labourer,"39, Deol Nagar, Pudukkottai 207100",5,Bengaluru Urban,Friend,2025-11-14 11:00:00
303,273,Chaitanya Mander,Male,43,1974-09-12,9883889269,chaitanya.mander355@gmail.com,130604079824,Farmer,"248, Sabharwal Chowk, Akola-927914",22,Mysuru,Friend,2026-05-30 22:00:00
304,274,Shaurya Agrawal,Male,22,1982-11-27,9985404199,shaurya.agrawal486@gmail.com,380194360652,Private Employee,"19/58, Kanda Circle, Dhule-031277",17,Kalaburagi,Father,2024-10-29 01:00:00
305,275,Gauri Bassi,Female,32,1953-09-09,9985603786,gauri.bassi447@gmail.com,660551075891,Electrician,"645, Setty, Vasai-Virar 822078",2,Ballari,Friend,2024-10-15 09:00:00
306,276,Bimala Keer,Female,48,1992-05-25,9966110155,bimala.keer767@gmail.com,738713330560,Retired,"531, Kari Path, Patiala 363179",31,Yadgir,Self,2024-10-09 09:00:00
307,277,Avni Sarin,Female,40,1958-12-18,9889620146,avni.sarin578@gmail.com,535964147020,Driver,"52, Hari Chowk, Gopalpur-520904",25,Shivamogga,Neighbour,2025-08-26 15:00:00
308,278,Christopher Shroff,Male,33,1977-02-25,9907937219,christopher.shroff471@gmail.com,035146939122,Lawyer,"492, Garde, Chandigarh-873977",1,Bagalkote,Friend,2025-02-04 17:00:00
309,279,Abhimanyu Sangha,Male,29,1993-04-03,9880890637,abhimanyu.sangha213@gmail.com,324331576471,Business,"H.No. 69, Dixit Ganj, Erode-078068",7,Chamarajanagar,Brother,2025-10-02 09:00:00
310,280,Wakeeta Chaudhari,Female,62,1976-10-18,9893469758,wakeeta.chaudhari401@gmail.com,730788982046,Lawyer,"06/32, Merchant Path, Mysore-742799",18,Kodagu,Witness,2025-12-22 05:00:00
311,280,Vasana Sheth,Female,66,1995-04-29,9967351754,vasana.sheth606@gmail.com,456762842243,Government Employee,"H.No. 70, Rajan Zila, Bettiah-464989",18,Kodagu,Sister,2025-12-22 11:00:00
312,281,Banjeet Nayak,Male,26,1993-03-26,9980435464,banjeet.nayak578@gmail.com,434204209255,Electrician,"H.No. 165, Baria Chowk, Ambarnath 818325",18,Kodagu,Brother,2024-12-17 06:00:00
313,282,Dakshesh Sridhar,Male,25,1993-04-29,9873536277,dakshesh.sridhar965@gmail.com,279977902874,Journalist,"H.No. 54, Sampath Circle, Meerut-557788",9,Chikkamagaluru,Self,2025-10-24 02:00:00
314,283,Vrinda Wali,Female,59,1989-11-24,9919982722,vrinda.wali701@gmail.com,777473176245,Doctor,"51/37, Buch Zila, Mangalore 112412",18,Kodagu,Employer,2025-01-30 00:00:00
315,284,Faqid Jayaraman,Male,37,1980-10-03,9960883464,faqid.jayaraman897@gmail.com,625501995795,Private Employee,"82, Palan Chowk, Raiganj 431038",22,Mysuru,Brother,2025-07-11 02:00:00
316,285,Tripti Oza,Female,22,1988-08-04,9913439631,tripti.oza791@gmail.com,506410922600,Student,"88/77, Deo Road, Tirunelveli 375402",19,Kolar,Mother,2026-05-07 10:00:00
317,286,Meghana Shah,Female,73,2006-01-07,9903914739,meghana.shah311@gmail.com,124746955620,Labourer,"222, Dada Ganj, Ratlam-745238",22,Mysuru,Father,2026-03-25 10:00:00
318,287,Nitara Padmanabhan,Female,56,1959-02-20,9982354400,nitara.padmanabhan761@gmail.com,847726812874,Lawyer,"41/06, Dhillon Chowk, Imphal-088547",22,Mysuru,Employer,2024-09-28 19:00:00
319,288,Ethan Sathe,Male,43,1970-03-15,9969282629,ethan.sathe814@gmail.com,799471375741,Engineer,"H.No. 281, Bakshi Road, Tadipatri 751509",23,Raichur,Self,2025-05-24 14:00:00
320,288,Zansi Kapadia,Female,19,1995-11-15,9876643310,zansi.kapadia356@gmail.com,193740529188,Student,"H.No. 187, Vala Zila, Jammu 599805",23,Raichur,Employer,2025-05-24 11:00:00
321,289,Ethan Sane,Male,29,1971-12-30,9891716024,ethan.sane282@gmail.com,206268867833,Nurse,"H.No. 55, Sehgal Road, Thrissur 674266",24,Ramanagara,Self,2025-02-07 04:00:00
322,290,Caleb Dhawan,Male,67,1962-08-10,9907932049,caleb.dhawan445@gmail.com,860908670583,Business,"H.No. 961, Rout Nagar, Vijayanagaram-879232",12,Davanagere,Employer,2024-07-27 17:00:00
323,291,Maanav Swaminathan,Male,52,1953-01-02,9909123143,maanav.swaminathan498@gmail.com,226260847497,Lawyer,"87, Bala Ganj, Jamnagar 471462",3,Belagavi,Sister,2026-01-30 13:00:00
324,292,Jason Balakrishnan,Male,56,1957-06-24,9899669636,jason.balakrishnan804@gmail.com,384365362592,Software Engineer,"H.No. 959, Sarin Chowk, Fatehpur 589042",17,Kalaburagi,Sister,2025-10-26 16:00:00
325,293,Elijah Nagarajan,Male,65,1977-04-19,9907603212,elijah.nagarajan138@gmail.com,279481370748,Driver,"045, Parekh Marg, Ramagundam-818321",12,Davanagere,Friend,2025-01-28 02:00:00
326,294,Ojasvi Mutti,Female,33,1998-07-07,9885962676,ojasvi.mutti490@gmail.com,516049099115,Driver,"51/895, Arya Street, Kadapa 576521",5,Bengaluru Urban,Witness,2026-01-08 14:00:00
327,295,Faras Thakur,Male,45,1963-05-20,9964114635,faras.thakur750@gmail.com,284933446419,Student,"71, Deep Zila, Nangloi Jat-452798",7,Chamarajanagar,Relative,2025-08-26 07:00:00
328,296,Harini Modi,Female,72,1952-03-23,9877951724,harini.modi564@gmail.com,254371908734,Private Employee,"234, Kadakia Street, Vijayawada 110760",4,Bengaluru Rural,Friend,2025-05-28 03:00:00
329,297,Darika Bali,Female,49,1996-07-21,9896540935,darika.bali298@gmail.com,797737630342,Farmer,"H.No. 401, Anne Road, Amravati 932501",4,Bengaluru Rural,Friend,2024-07-31 07:00:00
330,298,Liam Pall,Male,62,1970-12-26,9966246269,liam.pall961@gmail.com,110737909814,Mechanic,"H.No. 908, Handa Ganj, Tirunelveli-138759",25,Shivamogga,Witness,2024-09-16 21:00:00
331,299,Urvi Chhabra,Female,55,1961-01-17,9897798157,urvi.chhabra933@gmail.com,179339800656,Housewife,"38, Reddy Ganj, Satara 718275",8,Chikkaballapur,Mother,2026-04-21 23:00:00
332,300,Anmol Butala,Male,41,1969-08-03,9887119481,anmol.butala160@gmail.com,781984916001,Police Officer,"H.No. 79, Sawhney Road, Begusarai 463175",5,Bengaluru Urban,Self,2026-05-05 05:00:00
333,301,Abeer Swamy,Male,48,1989-07-16,9906107059,abeer.swamy199@gmail.com,273592476363,Driver,"11/26, Chaudry Marg, Amritsar-353961",26,Tumakuru,Friend,2025-08-20 21:00:00
334,302,Unnati Tata,Female,42,1966-09-17,9910331467,unnati.tata242@gmail.com,015972468560,Police Officer,"H.No. 79, Sundaram Marg, Siliguri 114773",15,Hassan,Self,2026-03-18 17:00:00
335,302,Amruta Chaudhary,Female,73,1993-05-08,9879762477,amruta.chaudhary456@gmail.com,499989721155,Engineer,"02/695, Mitter Street, Solapur 734778",15,Hassan,Self,2026-03-18 22:00:00
336,303,Onveer Zachariah,Male,49,1982-04-06,9980899489,onveer.zachariah593@gmail.com,622760471997,Electrician,"H.No. 675, Savant Marg, Vadodara 284276",25,Shivamogga,Neighbour,2025-09-16 15:00:00
337,303,Nachiket Ramachandran,Male,60,1978-10-30,9889647325,nachiket.ramachandran715@gmail.com,039776794222,Teacher,"88/977, Dugar Circle, Katni 796954",25,Shivamogga,Friend,2025-09-16 08:00:00
338,304,Azaan Bala,Male,65,1984-10-20,9875133735,azaan.bala294@gmail.com,893367562354,Mechanic,"H.No. 90, Rai Path, Haldia-565033",30,Vijayapura,Brother,2024-11-07 10:00:00
339,305,Nimrat Chad,Female,61,2003-05-12,9901278803,nimrat.chad614@gmail.com,919748473938,Driver,"H.No. 520, Nanda Circle, Jaunpur 986407",11,Dakshina Kannada,Self,2024-10-23 14:00:00
340,306,Nathan Purohit,Male,72,1983-08-21,9907289103,nathan.purohit532@gmail.com,697352618317,Farmer,"13, Taneja Path, Rourkela 563718",7,Chamarajanagar,Sister,2025-03-03 14:00:00
341,307,Mitali Lanka,Female,59,1953-04-24,9885448281,mitali.lanka766@gmail.com,075691948909,Farmer,"19/19, Mahajan Path, Tezpur-635148",5,Bengaluru Urban,Father,2026-05-02 12:00:00
342,308,Upma Zacharia,Female,55,1968-09-24,9909640246,upma.zacharia276@gmail.com,636767862631,Software Engineer,"H.No. 98, Gole Chowk, Hazaribagh-973748",22,Mysuru,Neighbour,2026-02-17 06:00:00
343,309,Ayushman Vig,Male,19,1962-03-12,9915527714,ayushman.vig760@gmail.com,721378547387,Shop Keeper,"246, Nagar Marg, Kurnool-442493",17,Kalaburagi,Father,2026-04-05 10:00:00
344,309,Jagdish Comar,Male,66,1959-04-03,9982618604,jagdish.comar421@gmail.com,112158095354,Student,"H.No. 77, Sarin Circle, Vadodara 242044",17,Kalaburagi,Brother,2026-04-05 19:00:00
345,310,Anvi Sunder,Female,20,1995-12-05,9919251439,anvi.sunder460@gmail.com,656600182155,Doctor,"H.No. 94, Ray Zila, Mysore 231981",3,Belagavi,Employer,2026-05-02 18:00:00
346,311,Yadavi Chana,Female,22,1964-05-13,9912394024,yadavi.chana811@gmail.com,126266756518,Housewife,"H.No. 96, Sampath Ganj, Asansol 234764",20,Koppal,Relative,2024-12-21 21:00:00
347,312,Yatan Walla,Male,56,1972-04-16,9880115063,yatan.walla441@gmail.com,717209297158,Shop Keeper,"67/34, Patil Street, Arrah 090034",29,Vijayanagara,Father,2025-01-20 14:00:00
348,313,Nilima Patil,Female,62,2002-12-10,9918568193,nilima.patil453@gmail.com,867584526761,Electrician,"60, Kumer Marg, Mysore 432756",18,Kodagu,Self,2024-10-06 13:00:00
349,314,Mahika Buch,Female,63,1998-04-21,9982671975,mahika.buch382@gmail.com,957926037860,Teacher,"65/612, Toor Road, Nagercoil-985700",5,Bengaluru Urban,Mother,2026-02-05 16:00:00
350,315,Tristan Deshpande,Male,23,1950-09-26,9962980969,tristan.deshpande239@gmail.com,459864697777,Engineer,"H.No. 91, Dugar Zila, Hazaribagh-965772",16,Haveri,Employer,2026-04-21 16:00:00
351,316,Gabriel Narang,Male,56,1996-12-06,9909685208,gabriel.narang626@gmail.com,304193688824,Business,"52, Purohit Marg, Jaipur-893173",13,Dharwad,Self,2025-05-12 17:00:00
352,317,Hamsini Bawa,Female,31,1973-10-25,9899958988,hamsini.bawa158@gmail.com,363308131405,Housewife,"152, Dalal, Hajipur-771333",5,Bengaluru Urban,Father,2025-10-13 10:00:00
353,318,Mitali Talwar,Female,18,1972-09-19,9887243385,mitali.talwar375@gmail.com,148134381103,Police Officer,"34/36, Rege Street, Bhopal-439735",29,Vijayanagara,Self,2024-11-13 00:00:00
354,319,Brijesh Anne,Male,60,1977-10-02,9889991446,brijesh.anne230@gmail.com,378598311015,Driver,"36/694, Chandran Zila, Faridabad 375990",3,Belagavi,Self,2026-05-25 20:00:00
355,320,Lajita Thaman,Female,45,1986-07-01,9917424721,lajita.thaman623@gmail.com,121276447176,Journalist,"52/809, Lad Street, Ambala 572158",10,Chitradurga,Mother,2026-04-07 13:00:00
356,321,Ekavir Lad,Male,25,1957-05-02,9884211018,ekavir.lad489@gmail.com,436234563223,Driver,"45, Mandal Marg, Pudukkottai 856257",25,Shivamogga,Friend,2026-06-28 03:00:00
357,322,Thomas Bera,Male,29,1961-07-07,9870632264,thomas.bera358@gmail.com,933005837375,Driver,"074, Sibal Street, Bhiwandi 075877",24,Ramanagara,Sister,2026-02-28 00:00:00
358,323,Daksh Divan,Male,55,1957-09-23,9900166098,daksh.divan937@gmail.com,179053792701,Electrician,"H.No. 22, Mahajan Circle, Ballia 892613",30,Vijayapura,Witness,2026-04-20 12:00:00
359,324,Charvi Narasimhan,Female,75,1952-01-24,9894790495,charvi.narasimhan122@gmail.com,129290918455,Lawyer,"H.No. 91, Dube Path, Jodhpur 774905",29,Vijayanagara,Neighbour,2024-08-10 05:00:00
360,325,Varsha Nair,Female,53,2005-07-05,9983620550,varsha.nair909@gmail.com,557282212526,Doctor,"H.No. 450, Raj Zila, Silchar-236103",18,Kodagu,Sister,2026-01-05 18:00:00
361,326,Rishi Rau,Male,59,1967-01-31,9889216693,rishi.rau822@gmail.com,821829603722,Retired,"H.No. 76, Deep Road, Jalandhar-837767",2,Ballari,Employer,2025-03-20 02:00:00
362,327,Siddharth Chana,Male,64,1994-06-08,9966926624,siddharth.chana432@gmail.com,258712739011,Business,"61, Varghese Nagar, Madhyamgram 278814",5,Bengaluru Urban,Employer,2026-05-25 12:00:00
363,328,Urmi Buch,Female,64,2003-03-06,9886011360,urmi.buch173@gmail.com,446471700310,Farmer,"243, Sane Circle, Jehanabad-810818",13,Dharwad,Mother,2026-02-22 18:00:00
364,328,Samuel Chandra,Male,67,1977-07-04,9872957075,samuel.chandra937@gmail.com,372454131066,Student,"H.No. 91, Babu Circle, Surendranagar Dudhrej 260164",13,Dharwad,Self,2026-02-21 08:00:00
365,329,Utkarsh Sengupta,Male,52,1986-09-27,9891840223,utkarsh.sengupta461@gmail.com,628388111193,Police Officer,"321, Lad, Raebareli 061027",3,Belagavi,Father,2026-04-08 16:00:00
366,330,Tanmayi Sur,Female,23,1968-02-13,9876155616,tanmayi.sur408@gmail.com,628243297789,Doctor,"H.No. 12, Atwal Street, Gorakhpur 303723",2,Ballari,Friend,2026-02-28 18:00:00
367,331,Girish Chadha,Male,42,1968-01-04,9907740592,girish.chadha192@gmail.com,317344966199,Housewife,"60, Ganesan Zila, Raiganj-707933",5,Bengaluru Urban,Witness,2025-02-01 01:00:00
368,332,Shivani Behl,Female,52,1969-12-02,9914520757,shivani.behl930@gmail.com,772090599038,Mechanic,"79, Mannan, Morbi 789973",24,Ramanagara,Neighbour,2026-02-11 09:00:00
369,333,Aditya Sami,Male,71,1983-12-28,9985942271,aditya.sami812@gmail.com,730937608803,Driver,"67/179, Sen Path, Jaipur 437573",18,Kodagu,Father,2024-10-09 06:00:00
370,333,Omkaar Sidhu,Male,54,1958-03-01,9988117762,omkaar.sidhu521@gmail.com,746010661134,Retired,"57, Johal Street, Chandigarh 223297",18,Kodagu,Sister,2024-10-10 06:00:00
371,334,Triya Tak,Female,63,1968-03-02,9884195912,triya.tak733@gmail.com,038960646430,Housewife,"H.No. 545, Ghosh Street, Rajkot-619318",25,Shivamogga,Brother,2026-04-14 00:00:00
372,335,Widisha Kuruvilla,Female,24,2008-03-10,9870680250,widisha.kuruvilla711@gmail.com,091292050940,Mechanic,"42/89, Bedi Zila, Berhampore 199180",17,Kalaburagi,Self,2026-04-03 06:00:00
373,336,Geetika Dalal,Female,66,2001-01-25,9899533316,geetika.dalal439@gmail.com,471815358214,Teacher,"47/871, Patla Street, Durgapur 376037",3,Belagavi,Brother,2025-01-01 17:00:00
374,337,Luke Tiwari,Male,69,1960-06-28,9966719576,luke.tiwari887@gmail.com,373384873260,Journalist,"65/328, Kari Marg, Haldia 678507",21,Mandya,Neighbour,2026-03-04 10:00:00
375,338,Abdul Varughese,Male,69,2005-04-16,9871859700,abdul.varughese421@gmail.com,120530749974,Software Engineer,"H.No. 62, Bhat Marg, Vadodara 908466",16,Haveri,Employer,2025-06-20 09:00:00
376,339,Nirja Padmanabhan,Female,20,1951-01-06,9898489138,nirja.padmanabhan421@gmail.com,365286667280,Mechanic,"67/389, Sathe, Machilipatnam 410856",18,Kodagu,Relative,2025-02-28 07:00:00
377,340,Lucky Kala,Male,54,1955-12-10,9908286345,lucky.kala937@gmail.com,407997133947,Software Engineer,"20/089, Khurana Road, Bhusawal 054851",23,Raichur,Sister,2026-02-17 07:00:00
378,341,Diya Sen,Female,20,1967-11-03,9911463063,diya.sen927@gmail.com,344089626004,Labourer,"H.No. 39, Walla, Etawah 492683",27,Udupi,Relative,2025-01-03 20:00:00
379,342,Nihal Varty,Male,60,1984-05-02,9891084921,nihal.varty529@gmail.com,457949585817,Nurse,"H.No. 266, Chanda Zila, Khandwa 737158",14,Gadag,Mother,2024-08-10 14:00:00
380,343,Yochana Rana,Female,60,2001-02-18,9989773141,yochana.rana985@gmail.com,376279986650,Business,"76, Dhawan Street, Shivpuri-288137",18,Kodagu,Relative,2024-12-11 00:00:00
381,344,Amol Dugar,Male,56,2005-04-25,9902216933,amol.dugar409@gmail.com,858664435571,Labourer,"61/15, Mann, Nagaon 154544",19,Kolar,Relative,2025-03-16 12:00:00
382,345,Amrita Dhar,Female,29,1958-10-20,9915538642,amrita.dhar735@gmail.com,990080091765,Labourer,"H.No. 43, Suresh Street, Bhilai-106794",11,Dakshina Kannada,Witness,2026-04-08 17:00:00
383,346,Om Purohit,Male,60,1978-02-13,9898275189,om.purohit459@gmail.com,994877032282,Driver,"77/72, Chakraborty Path, Munger-658074",29,Vijayanagara,Self,2026-06-21 03:00:00
384,347,Gayathri Bakshi,Female,20,1983-09-25,9870785731,gayathri.bakshi685@gmail.com,929168851691,Engineer,"81/398, Bera, Fatehpur 182043",19,Kolar,Mother,2025-02-09 21:00:00
385,347,Vamakshi Chad,Female,32,1997-05-11,9877115379,vamakshi.chad957@gmail.com,592046507903,Doctor,"07/05, Gole Marg, Nagpur 641118",19,Kolar,Neighbour,2025-02-11 00:00:00
386,348,Mekhala Dhawan,Female,29,1961-02-24,9886218783,mekhala.dhawan366@gmail.com,629665145128,Teacher,"H.No. 62, Nanda Nagar, Indore 461526",24,Ramanagara,Neighbour,2025-10-28 06:00:00
387,349,Leela Prashad,Female,71,2005-03-03,9883400906,leela.prashad484@gmail.com,864129668133,Nurse,"399, Tailor Ganj, Raipur 057861",7,Chamarajanagar,Witness,2025-05-08 16:00:00
388,350,Akshay Reddy,Male,28,1987-04-21,9917910051,akshay.reddy987@gmail.com,380106121076,Shop Keeper,"91/38, Modi Street, Amroha 832582",27,Udupi,Relative,2026-07-01 06:00:00
389,351,Udyati Seth,Female,30,1952-12-24,9891682357,udyati.seth419@gmail.com,127445231313,Teacher,"20/074, Krishna, Etawah-984028",5,Bengaluru Urban,Neighbour,2025-08-14 17:00:00
390,352,Mason Chakraborty,Male,74,1973-06-26,9879246895,mason.chakraborty507@gmail.com,013730637130,Business,"84/639, Nadkarni Circle, Bhilwara 435537",5,Bengaluru Urban,Neighbour,2026-05-31 22:00:00
391,353,Adweta Deol,Female,75,1988-01-19,9885365126,adweta.deol926@gmail.com,808473318494,Labourer,"H.No. 026, Suresh Circle, Siwan 180715",26,Tumakuru,Mother,2024-10-14 08:00:00
392,354,Rachita Ram,Female,55,1960-10-31,9902007504,rachita.ram234@gmail.com,848906008727,Teacher,"53, Andra Chowk, Jaipur 531943",18,Kodagu,Witness,2026-06-23 02:00:00
393,355,Xiti Patil,Female,49,1952-09-09,9910294698,xiti.patil732@gmail.com,128198720788,Student,"H.No. 361, Tella Road, Tirunelveli-999219",3,Belagavi,Self,2024-11-30 11:00:00
394,356,Bhavini Datta,Female,74,1965-08-13,9980032673,bhavini.datta815@gmail.com,114187894415,Shop Keeper,"089, Setty Road, Purnia-566418",20,Koppal,Neighbour,2026-06-18 13:00:00
395,357,Yachana Pathak,Female,38,1980-07-23,9987222058,yachana.pathak775@gmail.com,686042643438,Engineer,"H.No. 468, Mutti Chowk, Katni 519036",14,Gadag,Friend,2025-01-31 10:00:00
396,358,Kritika Hegde,Female,63,1960-02-05,9906811934,kritika.hegde735@gmail.com,571213861872,Lawyer,"10/760, Natt, Shahjahanpur 735058",16,Haveri,Sister,2024-10-10 06:00:00
397,358,Balhaar Sarna,Male,48,1994-11-16,9965315323,balhaar.sarna541@gmail.com,502067424554,Software Engineer,"H.No. 006, Bhattacharyya Path, Ghaziabad-049611",16,Haveri,Self,2024-10-10 04:00:00
398,359,Atharv Menon,Male,25,1999-11-08,9881852528,atharv.menon816@gmail.com,731782273257,Lawyer,"63/99, Setty Nagar, Madhyamgram-991507",1,Bagalkote,Witness,2025-06-01 07:00:00
399,360,Inaya Chokshi,Female,65,1956-07-06,9898616134,inaya.chokshi113@gmail.com,640981703408,Software Engineer,"28/45, Srivastava Marg, Gaya 200249",13,Dharwad,Self,2025-12-31 07:00:00
400,360,Praneel Mukhopadhyay,Male,54,1984-05-29,9969851103,praneel.mukhopadhyay853@gmail.com,343562483356,Shop Keeper,"49, Manne Path, Bangalore-038806",13,Dharwad,Father,2025-12-31 15:00:00
401,361,Indira Iyer,Female,61,1987-09-17,9917098614,indira.iyer350@gmail.com,564209312659,Lawyer,"H.No. 37, Narula Chowk, Tadepalligudem-652170",7,Chamarajanagar,Sister,2025-03-07 10:00:00
402,362,Januja Aggarwal,Female,74,1987-08-10,9893493053,januja.aggarwal727@gmail.com,175731091652,Lawyer,"33/75, Jha Marg, Udaipur-501508",27,Udupi,Sister,2025-10-04 12:00:00
403,363,Ekta Mannan,Female,36,1976-02-07,9877002503,ekta.mannan540@gmail.com,380187595971,Business,"H.No. 334, Kanda Street, Akola 832302",22,Mysuru,Relative,2025-07-27 23:00:00
404,364,Chandresh Bail,Male,36,1998-10-13,9880926339,chandresh.bail367@gmail.com,951488172413,Journalist,"15/347, Pingle Ganj, Tirunelveli-112233",21,Mandya,Neighbour,2025-04-26 20:00:00
405,365,Rachit Nadkarni,Male,42,1985-05-01,9988414397,rachit.nadkarni579@gmail.com,349490701975,Doctor,"93/84, Narang Street, Meerut-289731",19,Kolar,Employer,2025-09-12 00:00:00
406,366,Bhavini Ganesh,Female,21,1980-01-21,9988164758,bhavini.ganesh186@gmail.com,086302430767,Business,"72/55, Subramanian Circle, Bhalswa Jahangir Pur 969033",17,Kalaburagi,Witness,2025-01-23 04:00:00
407,367,Upkaar Keer,Male,53,1973-07-09,9969186167,upkaar.keer106@gmail.com,862018521053,Mechanic,"92, Kumar Path, Guntur 478539",22,Mysuru,Relative,2025-12-16 08:00:00
408,367,Vidhi Vala,Female,29,1986-08-01,9982826461,vidhi.vala249@gmail.com,618617542694,Electrician,"66, Tank Path, Darbhanga-027341",22,Mysuru,Relative,2025-12-17 19:00:00
409,368,Chakrika Menon,Female,62,1999-06-06,9981440450,chakrika.menon410@gmail.com,066493184015,Business,"111, Barad Path, Thoothukudi 544439",25,Shivamogga,Friend,2024-07-26 09:00:00
410,369,Leena Anand,Female,50,1995-03-23,9871165481,leena.anand903@gmail.com,733963465975,Police Officer,"69, Sodhi Nagar, Sikar 337389",16,Haveri,Employer,2026-05-21 09:00:00
411,370,Vedhika Oak,Female,55,1996-06-27,9918007264,vedhika.oak795@gmail.com,479872818740,Electrician,"63, Sengupta Chowk, Dindigul 924075",3,Belagavi,Father,2025-08-16 16:00:00
412,371,Isaiah Saini,Male,72,1975-04-01,9960768936,isaiah.saini486@gmail.com,165146274570,Software Engineer,"H.No. 90, Balay, Jamnagar-999966",16,Haveri,Brother,2025-12-24 02:00:00
413,372,Rohan Bhatt,Male,69,1981-07-23,9888345017,rohan.bhatt845@gmail.com,648543651043,Journalist,"H.No. 597, Chander Road, Vasai-Virar-097023",5,Bengaluru Urban,Father,2026-01-09 05:00:00
414,373,Reyansh Mander,Male,68,1962-07-01,9912126329,reyansh.mander948@gmail.com,270890589530,Software Engineer,"05, Apte Circle, Khammam 621286",4,Bengaluru Rural,Employer,2025-11-19 21:00:00
415,374,Bhavya Ramachandran,Female,34,2005-12-14,9960323715,bhavya.ramachandran851@gmail.com,379048568830,Nurse,"467, Mukherjee Street, Ambala-430271",13,Dharwad,Employer,2025-04-12 03:00:00
416,375,Jatin Vora,Male,74,1969-08-19,9914171423,jatin.vora589@gmail.com,389007858675,Private Employee,"90, Mani Zila, Sri Ganganagar-692632",5,Bengaluru Urban,Relative,2024-09-12 04:00:00
417,376,Veer Rajagopalan,Male,45,2003-05-21,9964148931,veer.rajagopalan547@gmail.com,920047850882,Teacher,"03, Mahal Street, Jabalpur-768151",15,Hassan,Self,2025-11-14 04:00:00
418,377,Zayyan Nanda,Male,46,1974-05-05,9882368913,zayyan.nanda773@gmail.com,102547392797,Driver,"807, Bora Nagar, Eluru-636004",21,Mandya,Witness,2025-03-18 19:00:00
419,378,Ekanta Narain,Female,38,1989-06-08,9965134940,ekanta.narain240@gmail.com,853517702479,Shop Keeper,"11, Kibe Circle, Kolhapur-422091",11,Dakshina Kannada,Self,2025-03-06 02:00:00
420,378,Nandini Dash,Female,35,1981-07-26,9913802648,nandini.dash493@gmail.com,423656079973,Journalist,"H.No. 042, Parmar Chowk, Thrissur-837081",11,Dakshina Kannada,Brother,2025-03-06 17:00:00
421,379,Mitesh Sawhney,Male,39,1953-08-06,9968447701,mitesh.sawhney497@gmail.com,992954772949,Doctor,"33, Khare Path, Mysore 600531",1,Bagalkote,Self,2026-03-26 16:00:00
422,380,Chasmum Ganesh,Female,69,1992-07-20,9969025336,chasmum.ganesh470@gmail.com,226703688400,Government Employee,"15/58, Johal Ganj, Haldia 331552",7,Chamarajanagar,Neighbour,2025-12-24 03:00:00
423,380,Sai Mutti,Male,44,1951-04-02,9875085942,sai.mutti905@gmail.com,281616010685,Retired,"149, Bassi Path, Bellary-497189",7,Chamarajanagar,Brother,2025-12-24 03:00:00
424,381,Jeremiah Chandran,Male,63,1985-05-08,9899088502,jeremiah.chandran211@gmail.com,045233846813,Police Officer,"H.No. 25, Bir Chowk, Surat-683890",29,Vijayanagara,Relative,2025-02-25 00:00:00
425,382,Aishani Dash,Female,48,1968-06-20,9896109906,aishani.dash927@gmail.com,377779356176,Driver,"10/25, Minhas Chowk, Saharanpur-303975",6,Bidar,Employer,2025-03-03 05:00:00
426,383,Maya Nadkarni,Female,52,1987-11-20,9961876653,maya.nadkarni299@gmail.com,822273471278,Teacher,"40/355, Jha Ganj, Kulti 968527",26,Tumakuru,Friend,2025-05-14 00:00:00
427,384,Bachittar Swamy,Male,41,1954-08-13,9964272899,bachittar.swamy350@gmail.com,745122304956,Lawyer,"23/212, Jayaraman, Guna-674233",6,Bidar,Neighbour,2025-05-09 13:00:00
428,385,Gaurang Kothari,Male,28,1968-02-20,9874774188,gaurang.kothari124@gmail.com,691899345718,Journalist,"H.No. 71, Rao Path, Rourkela-768962",5,Bengaluru Urban,Employer,2025-02-21 22:00:00
429,386,Advaith Raj,Male,64,1975-05-07,9870999674,advaith.raj875@gmail.com,411799085363,Lawyer,"82/82, Rai Road, Farrukhabad 468971",30,Vijayapura,Witness,2024-10-24 05:00:00
430,387,Ekanta Singh,Female,67,1961-11-28,9872405559,ekanta.singh392@gmail.com,331187925560,Lawyer,"H.No. 857, Sagar Marg, Dindigul-749160",3,Belagavi,Father,2025-05-22 19:00:00
431,388,Sanya Gaba,Female,35,1961-10-27,9904829979,sanya.gaba782@gmail.com,205515085148,Business,"58/750, Samra Marg, Latur-050249",19,Kolar,Sister,2026-06-02 00:00:00
432,389,Falak Kumar,Female,64,1964-11-27,9905821784,falak.kumar542@gmail.com,401269872013,Engineer,"H.No. 166, Buch, Bhusawal-644886",11,Dakshina Kannada,Father,2025-11-24 06:00:00
433,389,Tripti Chakraborty,Female,75,1956-11-22,9874973868,tripti.chakraborty136@gmail.com,962582144141,Teacher,"H.No. 36, Ahuja Road, Pallavaram 116864",11,Dakshina Kannada,Witness,2025-11-24 17:00:00
434,390,Frederick Goda,Male,18,1972-04-14,9900521423,frederick.goda697@gmail.com,235988864655,Software Engineer,"28, Seshadri Zila, Gaya-023467",11,Dakshina Kannada,Brother,2026-05-05 19:00:00
435,391,Fiyaz Buch,Male,74,1967-07-23,9987442419,fiyaz.buch776@gmail.com,167748442258,Farmer,"H.No. 15, Keer Nagar, Shivpuri-004090",28,Uttara Kannada,Witness,2025-10-11 03:00:00
436,391,Jagvi Vig,Female,34,1996-06-24,9963343927,jagvi.vig447@gmail.com,604285719615,Student,"75, Sanghvi, Uluberia-535669",28,Uttara Kannada,Relative,2025-10-11 23:00:00
437,392,Pranav Narayanan,Male,67,1997-04-27,9963370025,pranav.narayanan260@gmail.com,837213452087,Software Engineer,"62/091, Mammen Circle, Arrah 978630",7,Chamarajanagar,Witness,2025-02-26 10:00:00
438,393,Adweta Parsa,Female,68,2001-03-20,9900206607,adweta.parsa932@gmail.com,761720077408,Doctor,"976, Bumb, Haldia 164932",17,Kalaburagi,Father,2025-08-23 15:00:00
439,394,Eesha Tank,Female,30,1996-10-09,9986335022,eesha.tank370@gmail.com,953424227539,Private Employee,"717, Khosla Circle, Rajpur Sonarpur 116025",3,Belagavi,Friend,2024-07-25 23:00:00
440,395,Logan Kannan,Male,46,1992-04-08,9885074413,logan.kannan247@gmail.com,890184216475,Farmer,"28/715, Bhattacharyya Ganj, Burhanpur-863341",9,Chikkamagaluru,Neighbour,2025-02-15 15:00:00
441,396,Chameli Choudhury,Female,44,1955-09-23,9897806582,chameli.choudhury314@gmail.com,775363758901,Teacher,"52/56, Agarwal, Ghaziabad-665528",21,Mandya,Relative,2025-05-30 21:00:00
442,397,Chatresh Rana,Male,66,1951-02-02,9871714904,chatresh.rana274@gmail.com,651840197823,Journalist,"437, Din Chowk, Ulhasnagar-954814",10,Chitradurga,Mother,2025-09-15 00:00:00
443,398,Hritik Talwar,Male,36,1967-06-19,9916893642,hritik.talwar438@gmail.com,978158041093,Business,"H.No. 23, Ben Ganj, Morbi-420865",23,Raichur,Father,2025-11-07 13:00:00
444,399,Vritti Pall,Female,39,1994-07-04,9870413526,vritti.pall297@gmail.com,288536425601,Business,"44/38, Chatterjee Marg, North Dumdum-472927",5,Bengaluru Urban,Sister,2025-06-24 23:00:00
445,400,Madhav Dhillon,Male,34,1962-09-21,9911757375,madhav.dhillon383@gmail.com,976920229614,Police Officer,"H.No. 91, Puri Street, Gulbarga-157201",5,Bengaluru Urban,Father,2025-06-07 01:00:00
446,401,Teerth Dixit,Male,26,1986-12-03,9918443723,teerth.dixit892@gmail.com,343558899878,Labourer,"H.No. 136, Mittal Chowk, Gandhinagar-764750",17,Kalaburagi,Neighbour,2024-12-25 12:00:00
447,402,Devika Butala,Female,61,1957-08-20,9875430346,devika.butala845@gmail.com,468913991315,Software Engineer,"99/74, Golla Zila, Karawal Nagar-492151",18,Kodagu,Friend,2025-06-29 22:00:00
448,403,Tanmayi Bahri,Female,50,1973-05-25,9876024062,tanmayi.bahri740@gmail.com,050746417651,Student,"98/13, Golla Zila, Kolkata-510293",17,Kalaburagi,Employer,2026-05-05 00:00:00
449,404,Caleb Kunda,Male,63,1999-12-10,9961808147,caleb.kunda421@gmail.com,059160883795,Engineer,"H.No. 845, Garg Circle, Mumbai 408487",13,Dharwad,Self,2026-02-18 00:00:00
450,405,Xalak Munshi,Female,44,1980-11-14,9986017121,xalak.munshi145@gmail.com,215178023356,Labourer,"10/303, Mistry Street, Guntur 954296",6,Bidar,Father,2024-11-24 13:00:00
451,406,Joshua Lad,Male,23,1972-09-13,9887159772,joshua.lad483@gmail.com,489369877332,Doctor,"14, Dhar Marg, Madurai-359892",22,Mysuru,Employer,2024-09-22 18:00:00
452,407,Ganga Mutti,Female,44,2008-02-14,9888219240,ganga.mutti463@gmail.com,536468083527,Mechanic,"H.No. 931, Dash Road, Motihari-151554",25,Shivamogga,Brother,2025-07-30 23:00:00
453,408,Jeevika Mahal,Female,62,1951-02-16,9915725222,jeevika.mahal218@gmail.com,564435693139,Housewife,"11, Vyas Street, Giridih-185948",22,Mysuru,Neighbour,2025-10-22 11:00:00
454,409,Chavvi Bava,Female,39,1960-06-17,9969131574,chavvi.bava731@gmail.com,454382336398,Software Engineer,"H.No. 88, Rau, Guntakal-408222",19,Kolar,Relative,2025-03-22 09:00:00
455,410,Lila Bera,Female,67,2003-10-30,9899405989,lila.bera636@gmail.com,197139937841,Doctor,"96/727, Sidhu Path, Bally 834146",30,Vijayapura,Brother,2026-03-05 01:00:00
456,411,Chakradev Buch,Male,37,1955-01-02,9890220268,chakradev.buch483@gmail.com,010532434293,Doctor,"901, Tailor Road, Khandwa-778816",9,Chikkamagaluru,Relative,2026-01-15 21:00:00
457,412,Ikshita Amble,Female,75,1991-12-24,9898743047,ikshita.amble700@gmail.com,081235053024,Business,"89/097, Viswanathan Street, Akola 528506",3,Belagavi,Sister,2025-11-20 03:00:00
458,413,Sachi Garde,Female,23,1972-03-17,9893113642,sachi.garde531@gmail.com,135183764811,Private Employee,"38/144, Memon Chowk, Kakinada 963480",1,Bagalkote,Neighbour,2025-01-02 09:00:00
459,413,Yagnesh Bhandari,Male,49,1971-03-11,9969473266,yagnesh.bhandari921@gmail.com,957789114780,Police Officer,"H.No. 51, Palla Nagar, Rewa-016731",1,Bagalkote,Employer,2025-01-01 01:00:00
460,414,Tripti Dasgupta,Female,30,2003-07-09,9918740214,tripti.dasgupta475@gmail.com,053467022442,Nurse,"43/765, Patla Road, South Dumdum 177225",9,Chikkamagaluru,Father,2024-12-14 03:00:00
461,415,Aahana Parmer,Female,64,2001-10-21,9875315114,aahana.parmer381@gmail.com,346999850306,Software Engineer,"402, Sama Marg, Patna-374167",22,Mysuru,Relative,2024-08-11 23:00:00
462,415,Devansh Nair,Male,39,1994-02-13,9967409268,devansh.nair956@gmail.com,997596576052,Electrician,"110, Dugal Street, Orai-305690",22,Mysuru,Mother,2024-08-11 04:00:00
463,416,Wakeeta Mann,Female,50,1966-12-04,9960312027,wakeeta.mann772@gmail.com,125932030278,Housewife,"928, Krish Street, Raipur 363718",17,Kalaburagi,Employer,2025-01-17 14:00:00
464,417,Ijaya Dixit,Female,52,1963-11-11,9904533818,ijaya.dixit610@gmail.com,266208965329,Mechanic,"H.No. 432, Badami Marg, Mysore-668433",28,Uttara Kannada,Sister,2025-07-01 00:00:00
465,418,Unni Srinivas,Female,46,1954-02-11,9964156547,unni.srinivas869@gmail.com,954291680295,Lawyer,"H.No. 14, Mand Path, Gurgaon-502000",21,Mandya,Relative,2026-03-27 12:00:00
466,419,Jagvi Mangal,Female,40,1977-12-08,9982927666,jagvi.mangal748@gmail.com,735384484912,Police Officer,"475, Modi Path, Jalandhar 825559",22,Mysuru,Neighbour,2024-09-15 11:00:00
467,420,Jagat Majumdar,Male,61,1962-09-27,9873694661,jagat.majumdar734@gmail.com,505406166906,Private Employee,"H.No. 291, Halder Nagar, Amroha-189547",17,Kalaburagi,Witness,2025-05-19 18:00:00
468,421,Faraj Bassi,Male,72,1957-12-21,9884724711,faraj.bassi166@gmail.com,824269795163,Driver,"55/71, Bir Marg, Gurgaon-294240",19,Kolar,Neighbour,2025-10-20 11:00:00
469,422,Girish Rao,Male,18,1979-04-09,9960689804,girish.rao366@gmail.com,857697480887,Government Employee,"86, Ramakrishnan Circle, Medininagar 320293",3,Belagavi,Relative,2024-12-10 03:00:00
470,423,Yashvi Shah,Female,45,1979-10-12,9981128711,yashvi.shah522@gmail.com,612423647773,Labourer,"448, Garg Zila, Ranchi 402424",5,Bengaluru Urban,Friend,2025-12-08 21:00:00
471,424,Kritika Kade,Female,62,1981-07-25,9895571223,kritika.kade471@gmail.com,737537618168,Driver,"95/518, Deol Road, Pudukkottai 500534",31,Yadgir,Self,2025-07-14 17:00:00
472,425,Kabir Babu,Male,55,1981-09-22,9891035854,kabir.babu274@gmail.com,965553968443,Teacher,"49/837, Nair Ganj, Kurnool 273652",11,Dakshina Kannada,Friend,2025-01-16 19:00:00
473,426,Chakradhar Tandon,Male,37,1961-01-31,9882277634,chakradhar.tandon753@gmail.com,988752263030,Retired,"972, Bail Road, Ujjain-693121",15,Hassan,Witness,2025-11-09 12:00:00
474,427,Jason Sha,Male,69,2003-04-15,9874527198,jason.sha333@gmail.com,640650180950,Driver,"82/091, Rajagopalan Marg, Bhubaneswar-023142",22,Mysuru,Employer,2024-07-27 15:00:00
475,428,Aarna Cherian,Female,47,1982-01-06,9875736110,aarna.cherian302@gmail.com,055204974656,Student,"279, Gade Chowk, Bathinda 230848",5,Bengaluru Urban,Sister,2026-01-16 06:00:00
476,429,Aishani Basu,Female,56,1956-07-09,9894155928,aishani.basu354@gmail.com,365617108541,Mechanic,"62/03, Karan Nagar, Kharagpur 543617",11,Dakshina Kannada,Father,2026-01-30 04:00:00
477,430,Dayamai Kapur,Female,39,1956-06-16,9966811233,dayamai.kapur884@gmail.com,513651177861,Shop Keeper,"H.No. 951, Chad Path, Mahbubnagar 268592",2,Ballari,Employer,2024-10-09 10:00:00
478,431,Falguni Mitra,Female,67,1986-10-17,9962948313,falguni.mitra462@gmail.com,833570904614,Student,"H.No. 475, Bose Road, Jalgaon 526771",3,Belagavi,Brother,2025-05-26 18:00:00
479,432,Tanay Mallick,Male,60,1958-12-12,9962804357,tanay.mallick916@gmail.com,258123474906,Shop Keeper,"655, Samra Chowk, Haridwar 236687",1,Bagalkote,Brother,2024-11-28 21:00:00
480,433,Zinal Yadav,Female,56,1998-03-14,9913162391,zinal.yadav237@gmail.com,809788555435,Electrician,"68/93, Keer Zila, Delhi-058721",31,Yadgir,Witness,2026-06-14 19:00:00
481,434,Priya Patel,Female,62,1999-10-14,9871786793,priya.patel891@gmail.com,481443672701,Housewife,"28, Kibe Marg, Rajahmundry-212606",17,Kalaburagi,Relative,2025-08-02 03:00:00
482,435,Avni Cherian,Female,69,1988-12-30,9878093599,avni.cherian994@gmail.com,774567597578,Journalist,"20/25, Brar Street, Solapur 962272",11,Dakshina Kannada,Neighbour,2024-08-28 06:00:00
483,436,Wahab Sabharwal,Male,66,1992-06-19,9877424876,wahab.sabharwal174@gmail.com,154779842630,Housewife,"H.No. 12, Balay Nagar, Ambala-066784",5,Bengaluru Urban,Mother,2025-01-19 21:00:00
484,437,Jhalak Sampath,Female,72,2004-07-31,9885756289,jhalak.sampath832@gmail.com,817210687593,Driver,"62/36, Bhalla, Katni 891775",17,Kalaburagi,Brother,2026-03-26 21:00:00
485,438,Ranveer Gala,Male,37,1953-09-23,9884292318,ranveer.gala550@gmail.com,190882041751,Engineer,"411, Patil Zila, Bhopal 428113",28,Uttara Kannada,Employer,2025-06-17 12:00:00
486,439,Mohammed Guha,Male,28,1982-07-22,9982973942,mohammed.guha192@gmail.com,732140848398,Mechanic,"H.No. 19, Basu, Ranchi 514054",3,Belagavi,Brother,2026-02-22 04:00:00
487,440,Zashil Hayer,Male,59,1968-10-18,9968809780,zashil.hayer967@gmail.com,251167088634,Housewife,"156, Chaudhuri Circle, Nagpur-790422",13,Dharwad,Mother,2025-11-16 11:00:00
488,441,Balveer Chander,Male,51,2005-10-27,9887818114,balveer.chander413@gmail.com,438600047145,Engineer,"22/889, Om Circle, Mira-Bhayandar-459606",7,Chamarajanagar,Mother,2026-07-06 15:00:00
489,442,Hemang Borde,Male,24,2006-02-14,9873240944,hemang.borde649@gmail.com,488048235960,Journalist,"H.No. 248, Tara Zila, Malda-242149",26,Tumakuru,Brother,2025-09-26 08:00:00
490,443,Patrick Chakraborty,Male,32,1954-09-06,9911920048,patrick.chakraborty207@gmail.com,227374559283,Doctor,"47, Dasgupta Street, Thane-466927",4,Bengaluru Rural,Employer,2026-06-08 00:00:00
491,444,Naksh Prakash,Male,65,1955-05-26,9983011107,naksh.prakash265@gmail.com,304818949424,Electrician,"H.No. 09, Konda Nagar, Bhatpara-462961",23,Raichur,Witness,2026-04-28 00:00:00
492,445,Sara Shere,Female,39,1989-05-14,9882845663,sara.shere631@gmail.com,274050981713,Housewife,"87, Chada Zila, Moradabad 636515",12,Davanagere,Witness,2025-10-09 05:00:00
493,446,Xavier Kala,Male,73,1991-04-17,9911885167,xavier.kala303@gmail.com,736185832953,Lawyer,"H.No. 70, Dugal Circle, Ulhasnagar-590960",23,Raichur,Employer,2025-12-23 07:00:00
494,446,Tanveer Solanki,Male,71,1962-12-08,9987594209,tanveer.solanki510@gmail.com,299841902539,Nurse,"64/421, Biswas Street, Machilipatnam-476834",23,Raichur,Father,2025-12-24 16:00:00
495,447,Avi Chanda,Male,66,2002-06-19,9901419993,avi.chanda263@gmail.com,631809281791,Doctor,"H.No. 23, Saini Path, Fatehpur-659608",23,Raichur,Sister,2025-07-23 05:00:00
496,448,Brinda Dhillon,Female,18,1969-05-02,9961316462,brinda.dhillon227@gmail.com,561877890826,Journalist,"727, Comar Path, Firozabad 727910",6,Bidar,Mother,2026-03-15 04:00:00
497,449,Ijaya Salvi,Female,66,1990-12-14,9892196538,ijaya.salvi780@gmail.com,474017879636,Government Employee,"533, Atwal, Bharatpur-448177",2,Ballari,Father,2025-08-22 17:00:00
498,450,Samesh Pandey,Male,24,1970-12-26,9968245617,samesh.pandey825@gmail.com,465686018600,Government Employee,"H.No. 276, Goel Path, Hosur-646491",1,Bagalkote,Employer,2026-04-30 16:00:00
499,451,Damini Chakraborty,Female,70,1988-03-27,9907064480,damini.chakraborty508@gmail.com,867605090987,Government Employee,"98, Sawhney Zila, Ramagundam-337861",5,Bengaluru Urban,Friend,2026-01-10 17:00:00
500,452,Vrinda Dash,Female,33,1970-11-22,9894049272,vrinda.dash889@gmail.com,867771403589,Mechanic,"60/538, Loyal Road, Aizawl-306000",5,Bengaluru Urban,Father,2025-06-30 21:00:00
501,453,Rachit Venkataraman,Male,58,1998-02-13,9903413273,rachit.venkataraman925@gmail.com,431101356251,Teacher,"963, Raman Circle, Tadepalligudem 096262",13,Dharwad,Brother,2025-01-27 16:00:00
502,454,Nathan Varughese,Male,23,1959-09-30,9965842753,nathan.varughese494@gmail.com,198825094056,Student,"28/196, Dutt Road, Kurnool-106092",18,Kodagu,Neighbour,2025-01-17 18:00:00
503,455,Balveer Raja,Male,71,1952-01-09,9969226202,balveer.raja121@gmail.com,844591153593,Government Employee,"52/334, Wason Ganj, Burhanpur-041209",1,Bagalkote,Sister,2025-10-25 17:00:00
504,456,Dayamai Sharaf,Female,41,2004-05-02,9899933918,dayamai.sharaf819@gmail.com,251975438677,Retired,"442, Brahmbhatt Zila, Mirzapur 617061",24,Ramanagara,Brother,2026-01-27 18:00:00
505,457,Brinda Kade,Female,35,1990-06-04,9918445090,brinda.kade559@gmail.com,503816075977,Housewife,"72/240, Balay Street, Tiruvottiyur-799802",27,Udupi,Mother,2025-08-04 08:00:00
506,457,Divya Hans,Female,31,1985-09-17,9964563589,divya.hans247@gmail.com,795890757004,Business,"513, Narang Nagar, Muzaffarnagar 244731",27,Udupi,Brother,2025-08-03 11:00:00
507,458,Manan Sibal,Male,71,1993-10-11,9880973047,manan.sibal801@gmail.com,346130378414,Government Employee,"63/42, Mand Ganj, Kota-237676",18,Kodagu,Father,2025-10-17 15:00:00
508,459,Odika Chokshi,Female,46,1985-10-12,9980280560,odika.chokshi101@gmail.com,950309589161,Government Employee,"55/17, Bandi Street, Dharmavaram-498560",5,Bengaluru Urban,Father,2025-02-06 14:00:00
509,460,Gautam Naidu,Male,56,1975-06-18,9895878118,gautam.naidu131@gmail.com,698719916510,Nurse,"135, Dhillon Path, Bhilai-505379",5,Bengaluru Urban,Mother,2024-09-17 13:00:00
510,461,Kamala Bhatti,Female,47,1972-12-02,9965341533,kamala.bhatti345@gmail.com,947009486758,Police Officer,"H.No. 849, Sama Zila, Ratlam-330770",27,Udupi,Witness,2025-02-14 06:00:00
511,462,Ucchal Dar,Female,66,1957-10-02,9916217264,ucchal.dar486@gmail.com,001563977650,Mechanic,"63/90, Badami Road, Surendranagar Dudhrej-260880",5,Bengaluru Urban,Employer,2025-02-04 06:00:00
512,463,Abhiram Boase,Male,59,1977-10-23,9897503190,abhiram.boase945@gmail.com,645856024123,Business,"H.No. 55, Buch Marg, Kumbakonam-647715",30,Vijayapura,Neighbour,2025-03-12 22:00:00
513,464,Akshay Kapur,Male,54,1953-05-01,9966039129,akshay.kapur775@gmail.com,889983801268,Journalist,"H.No. 563, Chakrabarti Street, Arrah 040104",5,Bengaluru Urban,Sister,2025-08-17 04:00:00
514,465,Kevin Narayan,Male,74,1990-06-16,9967264429,kevin.narayan936@gmail.com,720607160117,Lawyer,"22/971, Nagar Street, Bhimavaram-718839",17,Kalaburagi,Witness,2024-10-31 05:00:00
515,466,Wishi Mand,Female,28,1969-03-24,9962693525,wishi.mand211@gmail.com,738208250410,Lawyer,"H.No. 441, Kibe Path, Solapur-703037",11,Dakshina Kannada,Father,2025-01-07 01:00:00
516,467,Girindra Sura,Male,33,1956-08-14,9906415097,girindra.sura293@gmail.com,770018214903,Engineer,"H.No. 72, Cherian Circle, Muzaffarnagar-679836",22,Mysuru,Father,2025-12-05 19:00:00
517,468,Bakhshi Mall,Male,29,1975-02-05,9961648025,bakhshi.mall670@gmail.com,153105077309,Driver,"711, Babu Ganj, Gaya 078754",11,Dakshina Kannada,Self,2025-12-15 20:00:00
518,469,Chaman Pandya,Female,18,1975-08-01,9910358705,chaman.pandya120@gmail.com,699626476639,Shop Keeper,"68/50, Mahajan Chowk, Navi Mumbai-663436",28,Uttara Kannada,Mother,2024-09-09 06:00:00
519,470,Manya Wagle,Female,52,1985-10-15,9892279321,manya.wagle857@gmail.com,081475248394,Labourer,"03/131, Banik Nagar, Mathura-814396",27,Udupi,Neighbour,2025-05-14 03:00:00
520,471,Shravya Chaudhuri,Female,42,1963-04-24,9903337221,shravya.chaudhuri299@gmail.com,977348733345,Mechanic,"235, Mani Road, Bareilly 897432",28,Uttara Kannada,Employer,2025-08-19 05:00:00
521,472,Bhavya Ganesan,Female,21,1961-06-03,9882513514,bhavya.ganesan810@gmail.com,251967658132,Doctor,"H.No. 765, Goel Nagar, Solapur-095790",27,Udupi,Neighbour,2025-05-21 00:00:00
522,473,Krishna Sodhi,Female,57,1956-11-25,9986786700,krishna.sodhi982@gmail.com,830937930639,Shop Keeper,"882, Chandra Street, Avadi 775847",5,Bengaluru Urban,Friend,2024-12-20 05:00:00
523,474,Qabil Shanker,Male,36,1951-05-06,9891591456,qabil.shanker262@gmail.com,566282199008,Private Employee,"58/971, Venkataraman Road, Siliguri 325703",1,Bagalkote,Neighbour,2025-05-23 07:00:00
524,475,Pranit Jhaveri,Male,67,1993-09-24,9875934540,pranit.jhaveri603@gmail.com,958980133197,Business,"14/878, Lanka Street, Bathinda-964430",26,Tumakuru,Friend,2026-05-07 19:00:00
525,476,Divya Sant,Female,63,1996-09-08,9989067084,divya.sant273@gmail.com,325990316729,Farmer,"H.No. 072, Doctor Chowk, Proddatur 474140",25,Shivamogga,Sister,2025-09-17 22:00:00
526,477,Anusha Kalla,Female,60,1966-12-21,9873089053,anusha.kalla304@gmail.com,930663887439,Electrician,"40, Pandey Marg, Dhanbad 254882",5,Bengaluru Urban,Witness,2025-12-07 23:00:00
527,478,Krishna Dhar,Male,49,2008-04-27,9892990635,krishna.dhar216@gmail.com,017210520077,Nurse,"14/30, Pant Chowk, Kharagpur-614494",23,Raichur,Father,2026-04-01 22:00:00
528,479,Tejas Naidu,Male,55,1997-03-18,9969963660,tejas.naidu242@gmail.com,170090720035,Business,"H.No. 26, Iyengar Circle, Farrukhabad-497826",27,Udupi,Neighbour,2026-01-27 07:00:00
529,480,Chanakya Devi,Male,48,1981-02-05,9897584509,chanakya.devi369@gmail.com,159670139165,Housewife,"56, Salvi Chowk, Surendranagar Dudhrej 806129",27,Udupi,Witness,2025-04-24 15:00:00
530,481,Keya Vala,Female,31,1972-03-13,9902320862,keya.vala265@gmail.com,003768077070,Government Employee,"26, Shere Nagar, Meerut 041591",9,Chikkamagaluru,Employer,2024-07-28 14:00:00
531,482,Wridesh Narula,Male,54,2000-09-08,9897338334,wridesh.narula659@gmail.com,915034498948,Doctor,"38/287, Kapoor Street, Barasat 079311",14,Gadag,Mother,2025-04-04 05:00:00
532,483,Ganga Dara,Female,44,1980-09-15,9878738134,ganga.dara937@gmail.com,615103130339,Electrician,"H.No. 708, Raman Chowk, Bhilai-672384",26,Tumakuru,Brother,2026-01-18 12:00:00
533,484,David Sankaran,Male,49,1959-01-15,9917491909,david.sankaran168@gmail.com,976154249633,Housewife,"328, Iyer Circle, Nangloi Jat 419754",22,Mysuru,Employer,2026-03-31 16:00:00
534,485,Reyansh Chhabra,Male,56,1977-06-20,9885336154,reyansh.chhabra118@gmail.com,442328399755,Business,"H.No. 471, Ramachandran, Amaravati-097052",17,Kalaburagi,Mother,2026-06-10 22:00:00
535,486,Vasudha Malhotra,Female,68,1951-02-01,9965976825,vasudha.malhotra119@gmail.com,383135499703,Electrician,"83/58, Varghese Marg, Akola-595724",2,Ballari,Mother,2025-05-21 13:00:00
536,487,Shravya Bir,Female,72,2003-09-11,9980263841,shravya.bir379@gmail.com,943828196208,Engineer,"92, Tripathi, Bikaner-995996",29,Vijayanagara,Sister,2026-01-14 10:00:00
537,488,Arin Balan,Male,68,1999-12-23,9904802106,arin.balan880@gmail.com,437943143941,Labourer,"H.No. 177, Kata Path, Vasai-Virar-661094",25,Shivamogga,Sister,2025-08-22 15:00:00
538,489,Anirudh Bora,Male,55,1976-03-01,9883003418,anirudh.bora484@gmail.com,566338025580,Doctor,"517, Deol Marg, Thiruvananthapuram 774332",23,Raichur,Neighbour,2025-10-02 22:00:00
539,490,Gopal Chadha,Male,22,1984-04-26,9881592793,gopal.chadha522@gmail.com,304047650217,Driver,"H.No. 205, Bora Marg, Udaipur 339785",22,Mysuru,Brother,2024-12-29 17:00:00
540,491,Ekapad Bhavsar,Male,59,1976-01-05,9965082022,ekapad.bhavsar256@gmail.com,913363520740,Journalist,"12/84, Dalal Zila, Ahmednagar-985034",5,Bengaluru Urban,Self,2024-12-28 13:00:00
541,491,Robert Parmar,Male,32,1954-07-01,9914308583,robert.parmar255@gmail.com,597255126332,Mechanic,"H.No. 893, Tella Circle, Silchar-819740",5,Bengaluru Urban,Neighbour,2024-12-28 08:00:00
542,492,Omkaar Sama,Male,46,1965-09-08,9919672131,omkaar.sama995@gmail.com,277262534628,Business,"385, Keer Nagar, Srinagar 516991",16,Haveri,Witness,2025-06-02 17:00:00
543,493,Dhruv Madan,Male,37,1992-07-05,9872134774,dhruv.madan500@gmail.com,614529826886,Electrician,"83, Sankar Path, Avadi 000389",2,Ballari,Self,2024-08-13 01:00:00
544,494,Adya Subramaniam,Female,46,1953-07-31,9907903697,adya.subramaniam481@gmail.com,040783298829,Student,"68, D’Alia Street, Kochi-535603",5,Bengaluru Urban,Neighbour,2025-03-24 00:00:00
545,495,Chakradhar Anne,Male,18,1963-09-24,9870285527,chakradhar.anne591@gmail.com,062330441086,Mechanic,"30/102, Gole Chowk, Varanasi 593429",23,Raichur,Neighbour,2025-11-24 18:00:00
546,496,Wriddhish Das,Male,69,1988-08-21,9890282406,wriddhish.das994@gmail.com,585777720385,Government Employee,"37/53, Mittal Chowk, Suryapet 384588",1,Bagalkote,Witness,2025-05-11 00:00:00
547,497,Avi Pal,Male,38,2002-10-13,9966453971,avi.pal788@gmail.com,745346833478,Farmer,"H.No. 328, Mody Ganj, Bhilai-203771",1,Bagalkote,Friend,2024-11-19 11:00:00
548,498,Zaid Bandi,Male,56,1966-03-27,9895817182,zaid.bandi809@gmail.com,388955525976,Shop Keeper,"H.No. 049, Tandon Marg, Eluru-703362",2,Ballari,Father,2025-06-25 22:00:00
549,499,Zinal Ben,Female,64,1988-11-10,9987536357,zinal.ben804@gmail.com,716488107511,Mechanic,"H.No. 954, Kalita, Mau 601864",24,Ramanagara,Brother,2024-10-23 05:00:00
550,500,Unnati Venkataraman,Female,37,1965-08-23,9982691022,unnati.venkataraman947@gmail.com,702943463324,Shop Keeper,"32/044, Krish Zila, Naihati-094544",4,Bengaluru Rural,Employer,2025-10-15 14:00:00
